date,season,year,month,holiday,dow,workingday,weather_condition,temp,atemp,windspeed,humidity,casual,registered,cnt,nCasual,nRegistered,nCnt
2011-01-01,1,2011,1,0,6,0,2,0.4,0.4091,0.2537,0.8,328,641,969,0.09379594236989121,0.03208474055879644,0.06382207179983078
2011-01-02,1,2011,1,0,0,0,2,0.36,0.3485,0.23507499999999998,0.735,132,671,803,0.036165833578359306,0.03669020571077679,0.04375679922639913
2011-01-03,1,2011,1,0,1,1,1,0.19333333333333336,0.18939999999999999,0.2836,0.445,120,1231,1351,0.0326374595707145,0.12265888854774332,0.10999637374592046
2011-01-04,1,2011,1,0,2,1,1,0.21000000000000002,0.2197,0.1343,0.61,108,1455,1563,0.029109085563069684,0.15704636168252994,0.1356219025746404
2011-01-05,1,2011,1,0,3,1,1,0.22,0.2273,0.19399999999999998,0.41500000000000004,82,1520,1602,0.021464275213172596,0.1670248695118207,0.14033603287803698
2011-01-06,1,2011,1,0,4,1,1,0.2,0.2273,0.0896,0.53,88,1519,1607,0.023228462216995,0.16687135400675468,0.14094040855795964
2011-01-07,1,2011,1,0,5,1,2,0.2,0.19699999999999998,0.1642,0.47,148,1363,1511,0.040870332255219056,0.14292293521645685,0.12933639550344495
2011-01-08,1,2011,1,0,6,0,2,0.16999999999999998,0.17425,0.2537,0.53,68,891,959,0.017347838870920316,0.07046361682529935,0.06261332043998549
2011-01-09,1,2011,1,0,0,0,1,0.14,0.11365,0.3881,0.445,54,768,822,0.01323140252866804,0.05158120970217992,0.04605342681010516
2011-01-10,1,2011,1,0,1,1,1,0.14,0.1364,0.2239,0.5,41,1280,1321,0.009408997353719493,0.1301811482959779,0.10637011966638463
2011-01-11,1,2011,1,0,2,1,2,0.16,0.18939999999999999,0.1194,0.59,43,1229,1272,0.009997059688326962,0.1223518575376113,0.10044723800314276
2011-01-12,1,2011,1,0,3,1,1,0.16,0.1515,0.3284,0.55,25,1142,1167,0.004704498676859747,0.10899600859686828,0.08775534872476731
2011-01-13,1,2011,1,0,4,1,1,0.14,0.14395,0.2985,0.485,38,1368,1406,0.008526903851808291,0.14369051274178693,0.1166445062250695
2011-01-14,1,2011,1,0,5,1,1,0.16,0.18939999999999999,0.1194,0.54,54,1371,1425,0.01323140252866804,0.14415105925698496,0.11894113380877554
2011-01-15,1,2011,1,0,6,0,1,0.22,0.23485,0.17909999999999998,0.515,222,1026,1248,0.06262863863569539,0.09118821000921093,0.09754623473951408
2011-01-16,1,2011,1,0,0,0,1,0.24,0.2273,0.1642,0.5,251,953,1204,0.07115554248750368,0.07998157813939208,0.09222772875619485
2011-01-17,1,2011,1,1,1,0,2,0.18,0.1818,0.19399999999999998,0.47,117,883,1000,0.0317553660688033,0.06923549278477126,0.06756920101535115
2011-01-18,1,1933,78,0,1,1,1,0.2,0.21265384615384614,0.3515384615384616,0.8,15,692,809,0.0017641870038224052,0.039914031317163035,0.0444820500423063
2011-01-19,1,2011,1,0,3,1,2,0.29000000000000004,0.2803,0.1343,0.8400000000000001,78,1574,1652,0.020288150543957658,0.17531470678538533,0.1463797896772634
2011-01-20,1,2011,1,0,4,1,2,0.26,0.25,0.20894999999999997,0.56,83,1844,1927,0.02175830638047633,0.2167638931532085,0.17962045207300859
2011-01-21,1,2011,1,0,5,1,1,0.2,0.17425,0.34330000000000005,0.41,75,1468,1543,0.019406057042046457,0.1590420632483881,0.13320439985494983
2011-01-22,1,2011,1,0,6,0,1,0.05,0.0758,0.17909999999999998,0.41,93,890,983,0.02469861805351367,0.07031010132023334,0.06551432370361417
2011-01-23,1,2011,1,0,0,0,1,0.1,0.1061,0.2239,0.42,150,839,990,0.041458394589826524,0.062480810561866745,0.06636044965550586
2011-01-24,1,2011,1,0,1,1,1,0.11,0.1364,0.19399999999999998,0.475,86,1331,1417,0.022640399882387533,0.13801043905434449,0.11797413272089931
2011-01-25,1,2011,1,0,2,1,2,0.22,0.2273,0.1343,0.645,186,1800,1986,0.05204351661276095,0.21000921093030397,0.18675208509609573
2011-01-26,1,2011,1,0,3,1,3,0.22,0.2121,0.3284,0.86,79,606,673,0.020582181711261395,0.02671169788148603,0.028043031548410494
2011-01-27,1,1478,532,0,2,1,1,0.22,0.21135294117647058,0.3544117647058823,0.4565588235294118,31,592,743,0.006468685680682152,0.024562480810561865,0.03650429106732745
2011-01-28,1,2011,1,0,5,1,2,0.2,0.2121,0.1045,0.7875000000000001,38,1131,1169,0.008526903851808291,0.10730733804114216,0.08799709899673637
2011-01-29,1,2011,1,0,6,0,1,0.19,0.2121,0.1343,0.64,123,977,1100,0.0335195530726257,0.08366595026097635,0.07965671461380394
2011-01-30,1,2011,1,0,0,0,1,0.22999999999999998,0.23485,0.0,0.725,140,959,1099,0.03851808291678918,0.08090267116978815,0.0795358394778194
2011-01-31,1,2011,1,0,1,1,2,0.16,0.1818,0.19399999999999998,0.59,42,1459,1501,0.009703028521023229,0.15766042370279398,0.12812764414359967
2011-02-01,1,2011,2,0,2,1,2,0.19,0.2273,0.0,0.86,47,1315,1362,0.0111731843575419,0.1355541909732883,0.11132600024175027
2011-02-02,1,2011,2,0,3,1,2,0.22,0.23485,0.2239,0.93,72,1454,1526,0.018523963540135253,0.15689284617746393,0.13114952254321285
2011-02-03,1,2011,2,0,4,1,1,0.19,0.1667,0.2985,0.43,61,1490,1551,0.015289620699794178,0.16241940435984034,0.13417140094282606
2011-02-04,1,2011,2,0,5,1,2,0.22999999999999998,0.2424,0.1343,0.595,88,1624,1712,0.023228462216995,0.1829904820386859,0.15363229783633506
2011-02-05,1,2011,2,0,6,0,3,0.22,0.2424,0.14925,1.0,100,905,1005,0.026756836224639813,0.07261283389622351,0.06817357669527378
2011-02-06,1,2011,2,0,0,0,1,0.27,0.2879,0.1045,0.6,354,1269,1623,0.1014407527197883,0.12849247774025177,0.14287441073371207
2011-02-07,1,2011,2,0,1,1,1,0.29000000000000004,0.3106,0.0,0.725,120,1592,1712,0.0326374595707145,0.17807798587657353,0.15363229783633506
2011-02-08,1,2011,2,0,2,1,1,0.22999999999999998,0.19699999999999998,0.403,0.435,64,1466,1530,0.016171714201705382,0.15873503223825605,0.13163302308715097
2011-02-09,1,2011,2,0,3,1,1,0.14,0.1515,0.17909999999999998,0.425,53,1556,1609,0.012937371361364304,0.17255142769419712,0.14118215882992868
2011-02-10,1,2011,2,0,4,1,1,0.14,0.1515,0.2239,0.405,47,1493,1540,0.0111731843575419,0.16287995087503837,0.13284177444699624
2011-02-11,1,2011,2,0,5,1,1,0.19,0.2197,0.09705,0.545,149,1603,1752,0.04116436342252279,0.17976665643229967,0.15846730327571618
2011-02-12,1,2011,2,0,6,0,1,0.22999999999999998,0.24245,0.14925,0.425,288,1184,1472,0.08203469567774184,0.11544365980964078,0.12462226520004835
2011-02-13,1,2011,2,0,0,0,1,0.33999999999999997,0.30305,0.2985,0.37,398,1194,1592,0.1143781240811526,0.11697881486030089,0.1391272815181917
2011-02-14,1,2011,2,0,1,1,1,0.38,0.3939,0.41795,0.4,208,1705,1913,0.0585122022934431,0.19542523794903285,0.1779282001692252
2011-02-15,1,2011,2,0,2,1,1,0.26,0.26515,0.2537,0.32,140,1676,1817,0.03851808291678918,0.19097328830211852,0.1663241871147105
2011-02-16,1,2011,2,0,3,1,1,0.34,0.3106,0.2239,0.435,218,1902,2120,0.061452513966480445,0.22566779244703716,0.2029493533180225
2011-02-17,1,2011,2,0,4,1,1,0.45,0.44695,0.2239,0.535,259,2216,2475,0.07350779182593355,0.27387166103776484,0.24586002659252992
2011-02-18,1,2011,2,0,5,1,1,0.48,0.46965,0.2537,0.63,579,2348,2927,0.16759776536312848,0.29413570770647834,0.30049558805753657
2011-02-19,1,2011,2,0,6,0,1,0.41000000000000003,0.41665,0.50745,0.16,532,1103,1635,0.15377830049985297,0.10300890389929383,0.14432491236552641
2011-02-20,1,2011,2,0,0,0,1,0.3,0.303,0.1642,0.41,639,1174,1813,0.18523963540135255,0.11390850475898066,0.1658406865707724
2011-02-21,1,2011,2,1,1,0,2,0.32,0.303,0.3284,0.615,195,912,1107,0.05468979711849456,0.0736874424316856,0.08050284056569564
2011-02-22,1,2011,2,0,2,1,1,0.16,0.1681285714285714,0.2537,0.5160357142857144,74,1403,1522,0.019112025874742724,0.14906355541909733,0.13066602199927474
2011-02-23,1,2011,2,0,3,1,1,0.22999999999999998,0.2576,0.09705,0.48,139,1783,1922,0.03822405174948545,0.20739944734418175,0.17901607639308595
2011-02-24,1,2011,2,0,4,1,2,0.32,0.29545,0.2836,0.6775,100,1709,1810,0.026756836224639813,0.1960392999692969,0.1654780611628188
2011-02-25,1,2011,2,0,5,1,2,0.32,0.3333,0.37315,0.685,121,1344,1465,0.03293149073801823,0.14000614062020264,0.12377613924815666
2011-02-26,1,2011,2,0,6,0,1,0.28,0.2803,0.19399999999999998,0.535,424,1545,1969,0.1220229344310497,0.170862757138471,0.18469720778435875
2011-02-27,1,2011,2,0,0,0,1,0.36,0.3485,0.1343,0.62,695,1709,2404,0.20170538077036165,0.1960392999692969,0.23727789193762844
2011-02-28,1,2011,2,0,1,1,2,0.39,0.40149999999999997,0.2985,0.93,81,1371,1453,0.021170244045868862,0.14415105925698496,0.12232563761634231
2011-03-01,1,2011,3,0,2,1,1,0.26,0.2727,0.23879999999999998,0.575,137,1714,1851,0.037635989414877974,0.19680687749462697,0.17043394173818446
2011-03-02,1,2011,3,0,3,1,1,0.31,0.27275,0.2836,0.45999999999999996,231,1903,2134,0.065274919141429,0.22582130795210317,0.20464160522180588
2011-03-03,1,2011,3,0,4,1,1,0.2,0.20455,0.22385,0.305,123,1562,1685,0.0335195530726257,0.17347252072459318,0.1503686691647528
2011-03-04,1,2011,3,0,5,1,1,0.29000000000000004,0.2803,0.19399999999999998,0.625,214,1730,1944,0.06027638929726551,0.19926312557568315,0.18167532938474557
2011-03-05,1,2011,3,0,6,0,2,0.41000000000000003,0.41665,0.2836,0.77,640,1437,2077,0.18553366656865627,0.1542830825913417,0.19775172247068779
2011-03-06,1,2011,3,0,0,0,2,0.42,0.4242,0.34330000000000005,1.0,114,493,607,0.03087327256689209,0.009364445809026711,0.020065272573431644
2011-03-07,1,2011,3,0,1,1,1,0.26,0.23485,0.37315,0.48,244,1629,1873,0.06909732431637754,0.18375805956401597,0.17309319472984408
2011-03-08,1,2011,3,0,2,1,1,0.3,0.2879,0.1343,0.44499999999999995,316,1817,2133,0.09026756836224639,0.21261897451642617,0.20452073008582133
2011-03-09,1,2011,3,0,3,1,2,0.32,0.2879,0.22385,0.76,191,1700,1891,0.053513672449279626,0.1946576604237028,0.17526894717756558
2011-03-10,1,2011,3,0,4,1,3,0.38,0.3939,0.24374999999999997,0.0,46,579,626,0.010879153190238165,0.022566779244703714,0.02236190015713768
2011-03-11,1,2011,3,0,5,1,1,0.32,0.303,0.2537,0.565,247,1734,1981,0.06997941781828874,0.1998771875959472,0.1861477094161731
2011-03-12,1,2011,3,0,6,0,1,0.34,0.3106,0.19399999999999998,0.635,724,1408,2132,0.21023228462216995,0.14983113294442738,0.2043998549498368
2011-03-13,1,2011,3,0,0,0,1,0.37,0.37875,0.2985,0.53,990,1455,2445,0.28844457512496324,0.15704636168252994,0.24223377251299408
2011-03-14,1,2011,3,0,1,1,1,0.33,0.32575,0.1343,0.475,359,1692,2051,0.10291090855630697,0.1934295363831747,0.19460896893509005
2011-03-15,1,2011,3,0,2,1,2,0.32,0.3182,0.19399999999999998,0.6725000000000001,290,1768,2058,0.0826227580123493,0.20509671476819158,0.19545509488698176
2011-03-16,1,2011,3,0,3,1,2,0.38,0.3788,0.20894999999999997,0.785,322,1873,2195,0.09203175536606881,0.22121584280012282,0.21201498851686207
2011-03-17,1,2011,3,0,4,1,1,0.42,0.4242,0.2239,0.62,424,2320,2744,0.1220229344310497,0.28983727356463,0.27837543817236793
2011-03-18,1,2011,3,0,5,1,1,0.55,0.52275,0.2239,0.525,885,2361,3246,0.25757130255807115,0.2961314092723365,0.339054756436601
2011-03-19,1,2011,3,0,6,0,1,0.46,0.4545,0.37315,0.365,1424,1693,3117,0.4160541017347839,0.1935830518882407,0.32346186389459686
2011-03-20,1,2011,3,0,0,0,1,0.34,0.3106,0.2239,0.505,1047,1424,2471,0.3052043516612761,0.1522873810254836,0.2453765260485918
2011-03-21,2,2011,3,0,1,1,2,0.43,0.4318,0.29105000000000003,0.715,401,1677,2078,0.1152602175830638,0.19112680380718453,0.1978725976066723
2011-03-22,2,2011,3,0,2,1,1,0.44,0.4394,0.23879999999999998,0.56,460,2243,2703,0.13260805645398413,0.2780165796745471,0.2734195575970023
2011-03-23,2,2011,3,0,3,1,2,0.34,0.3182,0.2239,0.845,203,1924,2127,0.057042046456924435,0.2290451335584894,0.20379547926991418
2011-03-24,2,2011,3,0,4,1,2,0.29000000000000004,0.2727,0.2239,0.755,166,1699,1865,0.04616289326668627,0.1945041449186368,0.17212619364196785
2011-03-25,2,2011,3,0,5,1,1,0.27,0.2576,0.2537,0.435,300,1910,2210,0.08556306968538666,0.22689591648756524,0.21382811555663
2011-03-26,2,2011,3,0,6,0,1,0.26,0.2576,0.19399999999999998,0.41,981,1515,2496,0.2857982946192296,0.16625729198649064,0.24839840444820502
2011-03-27,2,2011,3,0,0,0,1,0.26,0.2576,0.17909999999999998,0.44,472,1224,1697,0.13613643046162893,0.12158428001228123,0.15181917079656715
2011-03-28,2,2011,3,0,1,1,1,0.26,0.25,0.2239,0.275,222,1811,2033,0.06262863863569539,0.21169788148603008,0.19243321648736855
2011-03-29,2,2011,3,0,2,1,1,0.33,0.303,0.2537,0.28,317,2108,2425,0.09056159952955013,0.25729198649063556,0.2398162697933035
2011-03-30,2,2011,3,0,3,1,2,0.32,0.3106,0.2239,0.565,168,1368,1536,0.046750955601293734,0.14369051274178693,0.13235827390305815
2011-03-31,2,2011,3,0,4,1,3,0.27,0.2576,0.2239,0.93,179,1506,1685,0.049985298441634816,0.16487565244089653,0.1503686691647528
2011-04-01,2,2011,4,0,5,1,1,0.32,0.303,0.2537,0.61,307,1920,2227,0.0876212878565128,0.22843107153822537,0.21588299286836699
2011-04-02,2,2011,4,0,6,0,1,0.32,0.3182,0.1642,0.655,898,1354,2252,0.2613937077330197,0.14154129567086277,0.21890487126798017
2011-04-03,2,2011,4,0,0,0,1,0.4,0.4091,0.19399999999999998,0.44,1651,1598,3249,0.48279917671273154,0.17899907890696962,0.33941738184455456
2011-04-04,2,2011,4,0,1,1,1,0.62,0.6212,0.37315,0.42500000000000004,734,2381,3115,0.2131725962952073,0.29920171937365675,0.3232201136226278
2011-04-05,2,2011,4,0,2,1,2,0.38,0.3939,0.403,0.6,167,1628,1795,0.04645692443399,0.18360454405894996,0.1636649341230509
2011-04-06,2,2011,4,0,3,1,1,0.43,0.4318,0.26865,0.41,413,2395,2808,0.11878859159070862,0.3013509364445809,0.28611144687537776
2011-04-07,2,2011,4,0,4,1,1,0.43,0.4318,0.17909999999999998,0.605,571,2570,3141,0.1652455160246986,0.32821614983113295,0.32636286715822554
2011-04-08,2,2011,4,0,5,1,2,0.34,0.3333,0.2239,0.87,172,1299,1471,0.047927080270508675,0.13309794289223212,0.12450139006406383
2011-04-09,2,2011,4,0,6,0,2,0.36,0.3485,0.1343,0.87,879,1576,2455,0.25580711555424873,0.17562173779551735,0.24344252387283935
2011-04-10,2,2011,4,0,0,0,2,0.41000000000000003,0.41665,0.1343,0.87,1188,1707,2895,0.3466627462511026,0.19573226895916487,0.29662758370603165
2011-04-11,2,2011,4,0,1,1,1,0.59,0.5682,0.29105000000000003,0.73,858,2494,3353,0.24963246104087033,0.31654897144611605,0.3519883959869455
2011-04-12,2,2011,4,0,2,1,2,0.5,0.4848,0.2836,0.77,257,1777,2034,0.07291972949132608,0.2064783543137857,0.19255409162335307
2011-04-13,2,2011,4,0,3,1,2,0.41000000000000003,0.41665,0.2537,0.82,209,1953,2162,0.058806233460746836,0.23349708320540374,0.20802610902937266
2011-04-14,2,2011,4,0,4,1,1,0.47,0.4621,0.1194,0.53,529,2738,3267,0.1528962069979418,0.3540067546822229,0.34159313429227606
2011-04-15,2,2011,4,1,5,0,1,0.44,0.4394,0.22385,0.67,642,2484,3126,0.18612172890326376,0.31501381639545595,0.3245497401184576
2011-04-16,2,2011,4,0,6,0,2,0.42,0.4242,0.34330000000000005,0.875,121,674,795,0.03293149073801823,0.037150752225974824,0.042789798138522905
2011-04-17,2,2011,4,0,0,0,1,0.45,0.44695,0.32835000000000003,0.425,1558,2186,3744,0.45545427815348427,0.2692661958857845,0.3992505741568959
2011-04-18,2,2011,4,0,1,1,1,0.52,0.5,0.14925,0.505,669,2760,3429,0.19406057042046457,0.35738409579367514,0.36117490632176963
2011-04-19,2,2011,4,0,2,1,2,0.5,0.4848,0.1642,0.67,409,2795,3204,0.11761246692149367,0.36275713847098556,0.3339780007252508
2011-04-20,2,2011,4,0,3,1,1,0.62,0.6212,0.2537,0.5449999999999999,613,3331,3944,0.17759482505145546,0.44504144918636784,0.42342560135380153
2011-04-21,2,2011,4,0,4,1,1,0.45,0.44695,0.34330000000000005,0.425,745,3444,4189,0.21640693913554837,0.46238870125882714,0.4530400096700109
2011-04-22,2,2011,4,0,5,1,3,0.34,0.3182,0.2239,0.71,177,1506,1683,0.04939723610702734,0.16487565244089653,0.15012691889278376
2011-04-23,2,2011,4,0,6,0,2,0.49,0.47725,0.23879999999999998,0.88,1462,2574,4036,0.4272272860923258,0.328830211851397,0.4345461138643781
2011-04-24,2,2011,4,0,0,0,1,0.55,0.52275,0.19399999999999998,0.855,1710,2481,4191,0.5001470155836518,0.3145532698802579,0.45328175994197994
2011-04-25,2,2011,4,0,1,1,1,0.61,0.5985,0.2239,0.735,773,3300,4073,0.22463981182005294,0.44028246852932146,0.4390184938958056
2011-04-26,2,2011,4,0,2,1,1,0.63,0.6061,0.3284,0.73,678,3722,4400,0.1967068509261982,0.5050660116671783,0.47854466336274626
2011-04-27,2,2011,4,0,3,1,1,0.62,0.5606,0.2836,0.83,547,3325,3872,0.158188768009409,0.44412035615597173,0.4147225915629155
2011-04-28,2,2011,4,0,4,1,2,0.62,0.5758,0.3284,0.78,569,3489,4058,0.16465745369009116,0.46929689898679766,0.4372053668560377
2011-04-29,2,2011,4,0,5,1,1,0.52,0.5,0.2836,0.45,878,3717,4595,0.25551308438694503,0.5042984341418483,0.5021153148797293
2011-04-30,2,2011,4,0,6,0,1,0.44,0.4394,0.2239,0.54,1965,3347,5312,0.5751249632461041,0.447497697267424,0.5887827873806358
2011-05-01,2,2011,5,0,0,0,2,0.46,0.4545,0.1045,0.77,1138,2213,3351,0.3319611878859159,0.2734111145225668,0.35174664571497644
2011-05-02,2,2011,5,0,1,1,2,0.5700000000000001,0.5379,0.19399999999999998,0.73,847,3554,4401,0.24639811820052926,0.47927540681608843,0.47866553849873084
2011-05-03,2,2011,5,0,2,1,2,0.62,0.59095,0.34330000000000005,0.665,603,3848,4451,0.1746545133784181,0.5244089653054959,0.4847092952979572
2011-05-04,2,2011,5,0,3,1,2,0.4,0.4091,0.3284,0.74,255,2378,2633,0.07233166715671861,0.2987411728584587,0.26495829807808535
2011-05-05,2,2011,5,0,4,1,1,0.49,0.47725,0.2537,0.39,614,3819,4433,0.1778888562187592,0.5199570156585815,0.4825335428502357
2011-05-06,2,2011,5,0,5,1,1,0.47,0.4621,0.23879999999999998,0.5700000000000001,894,3714,4608,0.26021758306380477,0.5038378876266503,0.5036866916475281
2011-05-07,2,2011,5,0,6,0,1,0.54,0.5152,0.1642,0.49,1612,3102,4714,0.4713319611878859,0.40988639852625114,0.5164994560618881
2011-05-08,2,2011,5,0,0,0,1,0.52,0.5,0.0896,0.61,1401,2932,4333,0.409291384886798,0.38378876266502915,0.4704460292517829
2011-05-09,2,2011,5,0,1,1,1,0.53,0.5076,0.19399999999999998,0.555,664,3698,4362,0.1925904145839459,0.5013816395455941,0.4739514081953342
2011-05-10,2,2011,5,0,2,1,1,0.53,0.5076,0.1194,0.515,694,4109,4803,0.20141134960305793,0.5644765121277249,0.527257343164511
2011-05-11,2,2011,5,0,3,1,1,0.53,0.5076,0.1343,0.615,550,3632,4182,0.1590708615113202,0.49124961621123736,0.4521938837181192
2011-05-12,2,2011,5,0,4,1,1,0.54,0.5152,0.19399999999999998,0.77,695,4169,4864,0.20170538077036165,0.5736874424316856,0.5346307264595672
2011-05-13,2,2011,5,0,5,1,2,0.52,0.5,0.1642,0.88,692,3413,4105,0.20082328726845045,0.45762972060178075,0.4428864982473105
2011-05-14,2,2011,5,0,6,0,2,0.52,0.5,0.1343,0.94,902,2507,3409,0.26256983240223464,0.3185446730119742,0.35875740360207903
2011-05-15,2,2011,5,0,0,0,1,0.55,0.52275,0.1343,0.855,1582,2971,4553,0.4625110261687739,0.3897758673626036,0.4970385591683791
2011-05-16,2,2011,5,0,1,1,1,0.58,0.5455,0.1194,0.83,773,3185,3958,0.22463981182005294,0.42262818544673014,0.4251178532575849
2011-05-17,2,2011,5,0,2,1,2,0.56,0.5303,0.2537,0.88,678,3445,4123,0.1967068509261982,0.4625422167638932,0.445062250695032
2011-05-18,2,2011,5,0,3,1,1,0.54,0.5152,0.2239,0.88,536,3319,3855,0.15495442516906793,0.44319926312557567,0.41266771425117854
2011-05-19,2,2011,5,0,4,1,1,0.54,0.5152,0.1045,0.855,735,3840,4575,0.21346662746251102,0.5231808412649678,0.49969781216003867
2011-05-20,2,2011,5,0,5,1,1,0.55,0.52275,0.1045,0.66,909,4008,4917,0.26462805057336075,0.5489714461160577,0.5410371086667473
2011-05-21,2,2011,5,0,6,0,1,0.61,0.6061,0.1194,0.625,2258,3547,5805,0.6612760952660982,0.47820079828062634,0.6483742294210081
2011-05-22,2,2011,5,0,0,0,1,0.62,0.5985,0.1343,0.71,1576,3084,4660,0.46074683916495146,0.40712311943506296,0.5099721987187236
2011-05-23,2,2011,5,0,1,1,2,0.63,0.5682,0.2239,0.88,836,3438,4274,0.24316377536018818,0.4614676082284311,0.46331439622869575
2011-05-24,2,2011,5,0,2,1,1,0.65,0.61365,0.19399999999999998,0.74,659,3833,4492,0.19112025874742722,0.5221062327295056,0.48966517587332287
2011-05-25,2,2011,5,0,3,1,1,0.67,0.6288,0.1343,0.6699999999999999,740,4238,4978,0.2149367832990297,0.5842800122812404,0.5484104919618035
2011-05-26,2,2011,5,0,4,1,1,0.71,0.6667,0.17909999999999998,0.655,758,3919,4677,0.2202293443104969,0.5353085661651826,0.5120270760304605
2011-05-27,2,2011,5,0,5,1,1,0.68,0.6364,0.2537,0.65,871,3808,4679,0.25345486621581886,0.5182683451028554,0.5122688263024295
2011-05-28,2,2011,5,0,6,0,1,0.66,0.61365,0.2239,0.735,2001,2757,4758,0.5857100852690386,0.35692354927847714,0.5218179620452073
2011-05-29,2,2011,5,0,0,0,1,0.66,0.5985,0.2239,0.83,2355,2433,4788,0.6897971184945604,0.30718452563708937,0.5254442161247431
2011-05-30,2,2011,5,1,1,0,1,0.72,0.6970000000000001,0.1194,0.72,1549,2549,4098,0.45280799764775065,0.3249923242247467,0.4420403722954188
2011-05-31,2,2011,5,0,2,1,1,0.78,0.7424,0.1045,0.62,673,3309,3982,0.1952366950896795,0.4416641080749156,0.4280188565212136
2011-06-01,2,2011,6,0,3,1,1,0.74,0.70455,0.20894999999999997,0.745,513,3461,3974,0.14819170832108203,0.46499846484494933,0.42705185543333735
2011-06-02,2,2011,6,0,4,1,1,0.72,0.6364,0.2985,0.29500000000000004,736,4232,4968,0.21376065862981475,0.5833589192508444,0.5472017406019581
2011-06-03,2,2011,6,0,5,1,1,0.62,0.6212,0.2836,0.33999999999999997,898,4414,5312,0.2613937077330197,0.6112987411728584,0.5887827873806358
2011-06-04,2,2011,6,0,6,0,1,0.64,0.6212,0.1045,0.46499999999999997,1869,3473,5342,0.5468979711849457,0.4668406509057415,0.5924090414601716
2011-06-05,2,2011,6,0,0,0,1,0.64,0.6061,0.14925,0.65,1685,3221,4906,0.4927962364010585,0.42815474362910655,0.5397074821709175
2011-06-06,2,2011,6,0,1,1,1,0.67,0.6288,0.1343,0.595,673,3875,4548,0.1952366950896795,0.5285538839422782,0.4964341834884564
2011-06-07,2,2011,6,0,2,1,1,0.72,0.67425,0.17909999999999998,0.595,763,4070,4833,0.2216995001470156,0.5584894074301504,0.5308835972440469
2011-06-08,2,2011,6,0,3,1,1,0.78,0.7424,0.1343,0.61,676,3725,4401,0.1961187885915907,0.5055265581823765,0.47866553849873084
2011-06-09,2,2011,6,0,4,1,2,0.78,0.7273,0.14925,0.51,563,3352,3915,0.16289326668626875,0.4482652747927541,0.41992022241025023
2011-06-10,2,2011,6,0,5,1,1,0.76,0.70455,0.14925,0.605,815,3771,4586,0.23698912084680976,0.512588271415413,0.5010274386558685
2011-06-11,2,2011,6,0,6,0,1,0.71,0.6667,0.1343,0.62,1729,3237,4966,0.5057336077624228,0.4306109917101627,0.5469599903299891
2011-06-12,2,2011,6,0,0,0,1,0.67,0.62125,0.1642,0.78,1467,2993,4460,0.42869744192884446,0.3931532084740559,0.48579717152181795
2011-06-13,2,2011,6,0,1,1,1,0.64,0.6212,0.2985,0.45,863,4157,5020,0.251102616877389,0.5718452563708935,0.5534872476731536
2011-06-14,2,2011,6,0,2,1,1,0.6,0.6212,0.26865,0.495,727,4164,4891,0.21111437812408115,0.5729198649063555,0.5378943551311495
2011-06-15,2,2011,6,0,3,1,1,0.63,0.6212,0.1642,0.48,769,4411,5180,0.22346368715083798,0.6108381946576604,0.5728272694306781
2011-06-16,2,2011,6,0,4,1,2,0.62,0.5909,0.20894999999999997,0.685,545,3222,3767,0.15760070567480153,0.42830825913417253,0.4020307022845401
2011-06-17,2,2011,6,0,5,1,1,0.64,0.58335,0.1343,0.8049999999999999,863,3981,4844,0.251102616877389,0.5448265274792754,0.5322132237398767
2011-06-18,2,2011,6,0,6,0,1,0.72,0.67425,0.1194,0.62,1807,3312,5119,0.5286680388121141,0.4421246545901136,0.5654538861356219
2011-06-19,2,2011,6,0,0,0,2,0.7,0.6515,0.1045,0.675,1639,3105,4744,0.47927080270508676,0.4103469450414492,0.520125710141424
2011-06-20,2,2011,6,0,1,1,1,0.64,0.5985,0.1642,0.78,699,3311,4010,0.2028815054395766,0.4419711390850476,0.43140336032878035
2011-06-21,3,2011,6,0,2,1,2,0.6799999999999999,0.6364,0.1642,0.78,774,4061,4835,0.22493384298735666,0.5571077678845563,0.5311253475160159
2011-06-22,3,2011,6,0,3,1,1,0.73,0.6970000000000001,0.17909999999999998,0.76,661,3846,4507,0.1917083210820347,0.5241019342953638,0.4914783029130908
2011-06-23,3,2011,6,0,4,1,2,0.72,0.6970000000000001,0.2239,0.72,746,4044,4790,0.2167009703028521,0.5544980042984341,0.5256859663967122
2011-06-24,3,2011,6,0,5,1,1,0.71,0.6515,0.2239,0.48,969,4022,4991,0.28226992061158485,0.5511206631869819,0.5499818687296023
2011-06-25,3,2011,6,0,6,0,1,0.7,0.6515,0.20894999999999997,0.475,1782,3420,5202,0.5213172596295207,0.45870432913724285,0.5754865224223378
2011-06-26,3,2011,6,0,0,0,1,0.7,0.6515,0.1045,0.52,1920,3385,5305,0.561893560717436,0.4533312864599324,0.5879366614287441
2011-06-27,3,2011,6,0,1,1,2,0.7,0.6515,0.1343,0.65,854,3854,4708,0.2484563363716554,0.525330058335892,0.5157742052459809
2011-06-28,3,2011,6,0,2,1,1,0.74,0.6818,0.1642,0.6799999999999999,732,3916,4648,0.21258453396059981,0.5348480196499846,0.5085216970869092
2011-06-29,3,2011,6,0,3,1,1,0.72,0.6515,0.26865,0.42,848,4377,5225,0.24669214936783299,0.605618667485416,0.5782666505499818
2011-06-30,3,2011,6,0,4,1,1,0.71,0.64395,0.19399999999999998,0.42,1027,4488,5515,0.29932372831520143,0.6226588885477433,0.613320439985495
2011-07-01,3,2011,7,0,5,1,1,0.71,0.64395,0.1194,0.42,1246,4116,5362,0.3637165539547192,0.565551120663187,0.5948265441798622
2011-07-02,3,2011,7,0,6,0,1,0.74,0.6667,0.1045,0.475,2204,2915,5119,0.6453984122316966,0.38117899907890695,0.5654538861356219
2011-07-03,3,2011,7,0,0,0,1,0.7,0.6515,0.19399999999999998,0.65,2282,2367,4649,0.6683328432813879,0.29705250230273256,0.5086425722228938
2011-07-04,3,2011,7,1,1,0,1,0.74,0.6818,0.0896,0.62,3065,2978,6043,0.8985592472802117,0.3908504758980657,0.6771425117853258
2011-07-05,3,2011,7,0,2,1,1,0.76,0.6970000000000001,0.1045,0.62,1031,3634,4665,0.30049985298441634,0.4915566472213694,0.5105765743986462
2011-07-06,3,2011,7,0,3,1,1,0.72,0.6970000000000001,0.16415,0.74,784,3845,4629,0.227874154660394,0.5239484187902979,0.5062250695032032
2011-07-07,3,2011,7,0,4,1,1,0.74,0.6894,0.1642,0.62,754,3838,4592,0.21905321964128197,0.5228738102548357,0.5017526894717756
2011-07-08,3,2011,7,0,5,1,2,0.7,0.6667,0.2537,0.78,692,3348,4040,0.20082328726845045,0.44765121277249004,0.4350296144083162
2011-07-09,3,2011,7,0,6,0,1,0.74,0.6818,0.1642,0.58,1988,3348,5336,0.58188768009409,0.44765121277249004,0.5916837906442645
2011-07-10,3,2011,7,0,0,0,1,0.74,0.6970000000000001,0.19399999999999998,0.61,1743,3138,4881,0.509850044104675,0.41541295670862755,0.5366856037713043
2011-07-11,3,2011,7,0,1,1,1,0.73,0.6970000000000001,0.2836,0.61,723,3363,4086,0.20993825345486622,0.4499539453484802,0.4405898706636045
2011-07-12,3,2011,7,0,2,1,1,0.81,0.73485,0.19399999999999998,0.52,662,3596,4258,0.19200235224933843,0.4857230580288609,0.4613803940529433
2011-07-13,3,2011,7,0,3,1,1,0.74,0.6894,0.1642,0.58,748,3594,4342,0.21728903263745958,0.4854160270187289,0.47153390547564367
2011-07-14,3,2011,7,0,4,1,1,0.67,0.6288,0.2537,0.485,888,4196,5084,0.25845339605998235,0.5778323610684679,0.5612232563761634
2011-07-15,3,2011,7,0,5,1,1,0.66,0.6212,0.19399999999999998,0.5549999999999999,1318,4220,5538,0.38488679800058806,0.5815167331900521,0.6161005681131392
2011-07-16,3,2011,7,0,6,0,1,0.7,0.6515,0.2239,0.56,2418,3505,5923,0.7083210820346957,0.4717531470678539,0.6626374954671824
2011-07-17,3,2011,7,0,0,0,1,0.73,0.6818,0.2239,0.61,2006,3296,5302,0.5871802411055572,0.4396684065090574,0.5875740360207905
2011-07-18,3,2011,7,0,1,1,1,0.75,0.70455,0.2239,0.66,841,3617,4458,0.24463393119670684,0.4889468836352472,0.4855554212498489
2011-07-19,3,2011,7,0,2,1,1,0.75,0.7273,0.1343,0.6799999999999999,752,3789,4541,0.2184651573066745,0.5153515505066012,0.4955880575365647
2011-07-20,3,2011,7,0,3,1,1,0.77,0.75755,0.1045,0.7,644,3688,4332,0.1867097912378712,0.49984648449493396,0.4703251541157984
2011-07-21,3,2011,7,0,4,1,1,0.82,0.8636,0.2239,0.71,632,3152,3784,0.1831814172302264,0.41756217377955174,0.40408557959627706
2011-07-22,3,2011,7,0,5,1,1,0.84,0.8182,0.1045,0.575,562,2825,3387,0.16259923551896502,0.3673626036229659,0.35609815061041944
2011-07-23,3,2011,7,0,6,0,1,0.82,0.7879,0.1343,0.52,987,2298,3285,0.28756248162305204,0.28645993245317775,0.34376888673999756
2011-07-24,3,2011,7,0,0,0,1,0.82,0.7879,0.14925,0.56,1050,2556,3606,0.3060864451631873,0.32606693276020876,0.3825698053910311
2011-07-25,3,2011,7,0,1,1,1,0.74,0.7121,0.0896,0.77,568,3272,3840,0.1643634225227874,0.43598403438747313,0.4108545872114106
2011-07-26,3,2011,7,0,2,1,1,0.77,0.70455,0.2239,0.475,750,3840,4590,0.21787709497206703,0.5231808412649678,0.5015109391998066
2011-07-27,3,2011,7,0,3,1,1,0.77,0.6894,0.20894999999999997,0.435,755,3901,4656,0.21934725080858572,0.5325452870739945,0.5094886981747855
2011-07-28,3,2011,7,0,4,1,1,0.78,0.75,0.19399999999999998,0.56,606,3784,4390,0.17553660688032932,0.5145839729812711,0.477335912002901
2011-07-29,3,2011,7,0,5,1,1,0.84,0.7803,0.19405,0.46499999999999997,670,3176,3846,0.1943546015877683,0.421246545901136,0.4115798380273178
2011-07-30,3,2011,7,0,6,0,1,0.79,0.73485,0.1642,0.475,1559,2916,4475,0.455748309320788,0.381332514583973,0.4876102985615859
2011-07-31,3,2011,7,0,0,0,1,0.79,0.7424,0.1642,0.55,1524,2778,4302,0.4454572184651573,0.36014737488486337,0.4666989000362625
2011-08-01,3,2011,8,0,1,1,1,0.74,0.6818,0.17909999999999998,0.565,729,3537,4266,0.21170244045868863,0.47666564322996624,0.4623473951408195
2011-08-02,3,2011,8,0,2,1,1,0.8,0.73485,0.2239,0.475,801,4044,4845,0.23287268450455748,0.5544980042984341,0.5323340988758613
2011-08-03,3,2011,8,0,3,1,2,0.74,0.6818,0.1343,0.58,467,3107,3574,0.13466627462511027,0.4106539760515812,0.37870180103952616
2011-08-04,3,2011,8,0,4,1,2,0.7,0.6667,0.20894999999999997,0.74,799,3777,4576,0.23228462216995002,0.5135093644458091,0.4998186872960232
2011-08-05,3,2011,8,0,5,1,1,0.71,0.6591,0.2239,0.615,1023,3843,4866,0.29814760364598647,0.5236413877801658,0.5348724767315364
2011-08-06,3,2011,8,0,6,0,2,0.71,0.6818500000000001,0.2239,0.79,1521,2773,4294,0.4445751249632461,0.3593797973595333,0.4657318989483863
2011-08-07,3,2011,8,0,0,0,1,0.72,0.6970000000000001,0.19399999999999998,0.79,1298,2487,3785,0.37900617465451336,0.31547436291065395,0.4042064547322616
2011-08-08,3,2011,8,0,1,1,1,0.76,0.7121,0.14925,0.565,846,3480,4326,0.24610408703322553,0.46791525944120355,0.4695999032998912
2011-08-09,3,2011,8,0,2,1,1,0.78,0.7121500000000001,0.1642,0.575,907,3695,4602,0.2640399882387533,0.5009210930303961,0.502961440831621
2011-08-10,3,2011,8,0,3,1,1,0.76,0.6667,0.20894999999999997,0.395,884,3896,4780,0.25727727139076745,0.5317777095486644,0.524477215036867
2011-08-11,3,2011,8,0,4,1,1,0.71,0.6515,0.1642,0.42000000000000004,812,3980,4792,0.23610702734489855,0.5446730119742094,0.5259277166686812
2011-08-12,3,2011,8,0,5,1,1,0.71,0.6515,0.1343,0.42,1051,3854,4905,0.30638047633049104,0.525330058335892,0.5395866070349329
2011-08-13,3,2011,8,0,6,0,2,0.68,0.6364,0.20894999999999997,0.74,1504,2646,4150,0.43957659511908265,0.3398833282161498,0.4483258793666143
2011-08-14,3,2011,8,0,0,0,2,0.66,0.5985,0.20894999999999997,0.835,1338,2482,3820,0.39076742134666276,0.31470678538532393,0.40843708449172006
2011-08-15,3,2011,8,0,1,1,1,0.66,0.6212,0.23879999999999998,0.69,775,3563,4338,0.2252278741546604,0.48065704636168255,0.4710504049317055
2011-08-16,3,2011,8,0,2,1,1,0.7,0.6515,0.23879999999999998,0.58,721,4004,4725,0.20935019112025874,0.5483573840957937,0.5178290825577179
2011-08-17,3,2011,8,0,3,1,1,0.73,0.67425,0.1642,0.565,668,4026,4694,0.19376653925316084,0.551734725207246,0.5140819533421975
2011-08-18,3,2011,8,0,4,1,1,0.69,0.65155,0.2537,0.66,639,3166,3805,0.18523963540135255,0.4197113908504759,0.4066239574519521
2011-08-19,3,2011,8,0,5,1,1,0.66,0.6061,0.0896,0.755,797,3356,4153,0.23169655983534254,0.4488793368130181,0.4486885047745679
2011-08-20,3,2011,8,0,6,0,1,0.71,0.6667,0.1343,0.6699999999999999,1914,3277,5191,0.5601293737136136,0.4367516119128032,0.5741568959265079
2011-08-21,3,2011,8,0,0,0,1,0.7,0.6667,0.2537,0.79,1249,2624,3873,0.3645986474566304,0.3365059871046976,0.41484346669890004
2011-08-22,3,2011,8,0,1,1,1,0.69,0.6364,0.2985,0.395,833,3925,4758,0.24228168185827698,0.5362296591955787,0.5218179620452073
2011-08-23,3,2011,8,0,2,1,1,0.63,0.6212,0.17909999999999998,0.49,1281,4614,5895,0.37400764481034987,0.6420018421860608,0.6592529916596156
2011-08-24,3,2011,8,0,3,1,1,0.7,0.6515,0.2985,0.59,949,4181,5130,0.27638929726551015,0.5755296284924777,0.5667835126314517
2011-08-25,3,2011,8,0,4,1,1,0.68,0.6364,0.2985,0.78,435,3107,3542,0.12525727727139077,0.4106539760515812,0.37483379668802125
2011-08-26,3,2011,8,0,5,1,1,0.72,0.6970000000000001,0.1045,0.79,768,3893,4661,0.22316965598353425,0.5313171630334664,0.510093073854708
2011-08-27,3,2011,8,0,6,0,3,0.6614428571428572,0.6667,0.4403,0.84,565,1363,1211,0.16348132902087623,0.14292293521645685,0.09307385470808655
2011-08-28,3,2011,8,0,0,0,1,0.66,0.6212,0.3881,0.61539375,1415,2975,4502,0.4134078212290503,0.39038992938286765,0.49087392723316814
2011-08-29,3,2011,8,0,1,1,1,0.63,0.6212,0.1642,0.53,729,3905,4634,0.21170244045868863,0.5331593490942586,0.5068294451831258
2011-08-30,3,2011,8,0,2,1,1,0.65,0.6212,0.1343,0.5349999999999999,775,4429,5204,0.2252278741546604,0.6136014737488487,0.5757282726943068
2011-08-31,3,2011,8,0,3,1,1,0.65,0.61365,0.09705,0.6499999999999999,688,4370,5058,0.1996471625992355,0.604544058949954,0.5580805028405657
2011-09-01,3,2011,9,0,4,1,1,0.66,0.6212,0.1343,0.61,783,4332,5115,0.22758012349309026,0.5987104697574455,0.5649703855916838
2011-09-02,3,2011,9,0,5,1,2,0.64,0.6061,0.1343,0.73,875,3852,4727,0.2546309908850338,0.5250230273257599,0.5180708328296869
2011-09-03,3,2011,9,0,6,0,1,0.66,0.6212,0.1642,0.7,1935,2549,4484,0.5663040282269921,0.3249923242247467,0.48869817478544664
2011-09-04,3,2011,9,0,0,0,1,0.72,0.6894,0.19399999999999998,0.74,2521,2419,4940,0.7386062922669803,0.3050353085661652,0.5438172367943914
2011-09-05,3,2011,9,1,1,0,2,0.68,0.6364,0.1642,0.76,1236,2115,3351,0.36077624228168187,0.25836659502609766,0.35174664571497644
2011-09-06,3,2011,9,0,2,1,3,0.54,0.5152,0.3582,0.88,204,2510,2715,0.05733607762422817,0.31900521952717226,0.27487005922881663
2011-09-07,3,2011,9,0,3,1,3,0.6,0.5455,0.09705,0.935,118,1878,1996,0.03204939723610703,0.22198342032545287,0.187960836455941
2011-09-08,3,2011,9,0,4,1,3,0.62,0.5455,0.1642,0.94,153,1692,1845,0.042340488091737724,0.1934295363831747,0.16970869092227728
2011-09-09,3,2011,9,0,5,1,1,0.62,0.5455,0.1343,0.94,417,3127,3544,0.11996471625992355,0.41372428615290147,0.37507554695999035
2011-09-10,3,2011,9,0,6,0,1,0.64,0.5909,0.14925,0.78,1750,3595,5345,0.5119082622758012,0.4855695425237949,0.5927716668681252
2011-09-11,3,2011,9,0,0,0,1,0.64,0.6061,0.1045,0.71,1633,3413,5046,0.47750661570126435,0.45762972060178075,0.5566300012087514
2011-09-12,3,2011,9,0,1,1,1,0.64,0.6061,0.0896,0.71,691,4025,4716,0.20052925610114672,0.5515812097021799,0.5167412063338571
2011-09-13,3,2011,9,0,2,1,1,0.64,0.5985,0.1343,0.76,701,4062,4763,0.20346956777418407,0.5572612833896223,0.5224223377251299
2011-09-14,3,2011,9,0,3,1,1,0.66,0.6212,0.14925,0.695,647,4138,4785,0.18759188473978242,0.5689284617746393,0.5250815907167895
2011-09-15,3,2011,9,0,4,1,1,0.61,0.5909,0.26865,0.69,428,3231,3659,0.12319905910026463,0.42968989867976665,0.38897618759821107
2011-09-16,3,2011,9,0,5,1,1,0.5,0.4848,0.17909999999999998,0.5700000000000001,742,4018,4760,0.21552484563363716,0.5505066011667178,0.5220597123171764
2011-09-17,3,2011,9,0,6,0,1,0.5,0.4848,0.19399999999999998,0.72,1434,3077,4511,0.41899441340782123,0.40604851089960087,0.4919618034570289
2011-09-18,3,2011,9,0,0,0,1,0.53,0.5076,0.19399999999999998,0.68,1353,2921,4274,0.39517788885621874,0.382100092109303,0.46331439622869575
2011-09-19,3,2011,9,0,1,1,2,0.56,0.5303,0.1642,0.68,691,3848,4539,0.20052925610114672,0.5244089653054959,0.49534630726459566
2011-09-20,3,2011,9,0,2,1,2,0.56,0.5303,0.1642,0.88,438,3203,3641,0.12613937077330198,0.4253914645379183,0.38680043515048956
2011-09-21,3,2011,9,0,3,1,2,0.6,0.5379,0.1045,0.94,539,3813,4352,0.1558365186709791,0.5190359226281854,0.47274265683548894
2011-09-22,3,2011,9,0,4,1,2,0.62,0.5455,0.1045,0.94,555,4240,4795,0.16054101734783888,0.5845870432913725,0.5262903420766348
2011-09-23,4,2011,9,0,5,1,2,0.61,0.5152,0.09705,1.0,258,2137,2395,0.07321376065862982,0.26174393613754987,0.2361900157137677
2011-09-24,4,2011,9,0,6,0,2,0.61,0.55305,0.0896,0.88,1776,3647,5423,0.5195530726256983,0.49355234878722753,0.6021999274749185
2011-09-25,4,2011,9,0,0,0,2,0.63,0.5682,0.0,0.855,1544,3466,5010,0.451337841811232,0.4657660423702794,0.5522784963133084
2011-09-26,4,2011,9,0,1,1,2,0.64,0.5758,0.1343,0.885,684,3946,4630,0.19847103793002058,0.539453484801965,0.5063459446391877
2011-09-27,4,2011,9,0,2,1,2,0.63,0.5682,0.1045,0.89,477,3643,4120,0.1376065862981476,0.49293828676696344,0.44469962528707846
2011-09-28,4,2011,9,0,3,1,2,0.61,0.5455,0.1642,0.88,480,3427,3907,0.1384886798000588,0.45977893767270495,0.418953221322374
2011-09-29,4,2011,9,0,4,1,1,0.6,0.57575,0.19399999999999998,0.665,653,4186,4839,0.18935607174360483,0.5762972060178078,0.5316088480599541
2011-09-30,4,2011,9,0,5,1,1,0.54,0.5152,0.19399999999999998,0.57,830,4372,5202,0.24139958835636577,0.604851089960086,0.5754865224223378
2011-10-01,4,2011,10,0,6,0,2,0.4,0.4091,0.31345,0.76,480,1949,2429,0.1384886798000588,0.2328830211851397,0.24029977033724162
2011-10-02,4,2011,10,0,0,0,2,0.36,0.3333,0.2239,0.81,616,2302,2918,0.17847691855336667,0.28707399447344184,0.2994077118336758
2011-10-03,4,2011,10,0,1,1,2,0.4,0.4091,0.1045,0.76,330,3240,3570,0.09438400470449868,0.43107153822536076,0.3782183004955881
2011-10-04,4,2011,10,0,2,1,1,0.49,0.47725,0.2239,0.7,486,3970,4456,0.14025286680388122,0.5431378569235493,0.48531367097787986
2011-10-05,4,2011,10,0,3,1,1,0.52,0.5,0.1642,0.675,559,4267,4826,0.1617171420170538,0.5887319619281547,0.5300374712921552
2011-10-06,4,2011,10,0,4,1,1,0.49,0.47725,0.1343,0.62,639,4126,4765,0.18523963540135255,0.5670862757138471,0.522664087997099
2011-10-07,4,2011,10,0,5,1,1,0.5,0.4848,0.0,0.68,949,4036,4985,0.27638929726551015,0.553269880257906,0.5492566179136952
2011-10-08,4,2011,10,0,6,0,1,0.51,0.4924,0.0,0.77,2235,3174,5409,0.6545133784181123,0.420939514891004,0.600507675571135
2011-10-09,4,2011,10,0,0,0,1,0.53,0.5076,0.0896,0.8,2397,3114,5511,0.7021464275213173,0.4117285845870433,0.6128369394415569
2011-10-10,4,2011,10,1,1,0,1,0.56,0.5303,0.0,0.8049999999999999,1514,3603,5117,0.44251690679211997,0.486797666564323,0.5652121358636528
2011-10-11,4,2011,10,0,2,1,2,0.58,0.5455,0.14925,0.83,667,3896,4563,0.19347250808585711,0.5317777095486644,0.49824731052822435
2011-10-12,4,2011,10,0,3,1,3,0.54,0.5152,0.2537,0.9099999999999999,217,2199,2416,0.06115848279917671,0.27126189745164264,0.23872839356944275
2011-10-13,4,2011,10,0,4,1,2,0.6,0.55305,0.14925,0.88,290,2623,2913,0.0826227580123493,0.33635247159963155,0.29880333615375315
2011-10-14,4,2011,10,0,5,1,1,0.56,0.5303,0.19399999999999998,0.88,529,3115,3644,0.1528962069979418,0.4118821000921093,0.38716306055844313
2011-10-15,4,2011,10,0,6,0,1,0.5,0.4848,0.20894999999999997,0.46499999999999997,1899,3318,5217,0.5557189062040576,0.4430457476205097,0.5772996494621057
2011-10-16,4,2011,10,0,0,0,1,0.54,0.5152,0.26865,0.49,1748,3293,5041,0.5113201999411938,0.43920785999385936,0.5560256255288287
2011-10-17,4,2011,10,0,1,1,1,0.54,0.5152,0.1642,0.555,713,3857,4570,0.20699794178182887,0.52579060485109,0.49909343648011606
2011-10-18,4,2011,10,0,2,1,1,0.53,0.5076,0.1045,0.7250000000000001,637,4111,4748,0.18465157306674507,0.564783543137857,0.520609210685362
2011-10-19,4,2011,10,0,3,1,3,0.53,0.5076,0.19399999999999998,0.94,254,2174,2429,0.07203763598941487,0.2674240098249923,0.24029977033724162
2011-10-20,4,2011,10,0,4,1,1,0.48,0.4697,0.4478,0.565,471,3724,4195,0.1358423992943252,0.5053730426773104,0.45376526048591803
2011-10-21,4,2011,10,0,5,1,1,0.42,0.4242,0.2239,0.56,676,3628,4304,0.1961187885915907,0.49063555419097327,0.4669406503082316
2011-10-22,4,2011,10,0,6,0,1,0.41000000000000003,0.41665,0.0896,0.62,1499,2809,4308,0.43810643928256393,0.36490635554190975,0.4674241508521697
2011-10-23,4,2011,10,0,0,0,1,0.42,0.4242,0.09705,0.765,1619,2762,4381,0.47339017935901206,0.35769112680380716,0.47624803577904024
2011-10-24,4,2011,10,0,1,1,1,0.46,0.4545,0.1045,0.82,699,3488,4187,0.2028815054395766,0.4691433834817317,0.4527982593980418
2011-10-25,4,2011,10,0,2,1,1,0.46,0.4545,0.1343,0.67,695,3992,4687,0.20170538077036165,0.5465151980350015,0.5132358273903058
2011-10-26,4,2011,10,0,3,1,1,0.49,0.47725,0.1642,0.71,404,3490,3894,0.11614231108497501,0.4694504144918637,0.4173818445545751
2011-10-27,4,2011,10,0,4,1,2,0.48,0.4697,0.14925,0.855,240,2419,2659,0.0679211996471626,0.3050353085661652,0.2681010516136831
2011-10-28,4,2011,10,0,5,1,2,0.33,0.3182,0.23879999999999998,0.61,456,3291,3747,0.1314319317847692,0.43890082898372734,0.39961319956484953
2011-10-29,4,2011,10,0,6,0,3,0.25,0.2273,0.3582,0.87,57,570,627,0.014113496030579242,0.02118513969910961,0.022482775293122204
2011-10-30,4,2011,10,0,0,0,1,0.31,0.3333,0.20894999999999997,0.655,885,2446,3331,0.25757130255807115,0.3091802272029475,0.3493291429952859
2011-10-31,4,2011,10,0,1,1,1,0.36,0.3485,0.1194,0.76,362,3307,3669,0.10379300205821818,0.44135707706478355,0.39018493895805634
2011-11-01,4,2011,11,0,2,1,1,0.38,0.39395,0.14925,0.71,410,3658,4068,0.11790649808879741,0.4952410193429536,0.438414118215883
2011-11-02,4,2011,11,0,3,1,1,0.37,0.37875,0.09705,0.73,370,3816,4186,0.10614525139664804,0.5194964691433834,0.4526773842620573
2011-11-03,4,2011,11,0,4,1,1,0.4,0.4091,0.1343,0.76,318,3656,3974,0.09085563069685387,0.4949339883328216,0.42705185543333735
2011-11-04,4,2011,11,0,5,1,2,0.4,0.4091,0.3284,0.6100000000000001,470,3576,4046,0.13554836812702145,0.4826527479275407,0.43575486522422335
2011-11-05,4,2011,11,0,6,0,1,0.32,0.32575,0.20894999999999997,0.525,1156,2770,3926,0.33725374889738313,0.3589192508443353,0.42124984890608
2011-11-06,4,2011,11,0,0,0,1,0.36,0.3636,0.0896,0.785,952,2697,3649,0.27727139076742136,0.34771261897451644,0.3877674362383658
2011-11-07,4,2011,11,0,1,1,1,0.36,0.3636,0.0448,0.845,373,3662,4035,0.10702734489855925,0.4958550813632177,0.43442523872839356
2011-11-08,4,2011,11,0,2,1,1,0.38,0.39395,0.0896,0.785,376,3829,4205,0.10790943840047044,0.5214921707092416,0.4549740118457633
2011-11-09,4,2011,11,0,3,1,1,0.4,0.4091,0.0,0.87,305,3804,4109,0.08703322552190532,0.5176542830825913,0.44336999879124867
2011-11-10,4,2011,11,0,4,1,2,0.36,0.3485,0.19405,0.8400000000000001,190,2743,2933,0.05321964128197589,0.35477433220755294,0.30122083887344375
2011-11-11,4,2011,11,1,5,0,1,0.32,0.303,0.30600000000000005,0.42,440,2928,3368,0.12672743310790943,0.3831747006447651,0.3538015230267134
2011-11-12,4,2011,11,0,6,0,1,0.39,0.40149999999999997,0.22385,0.58,1275,2792,4067,0.3722434578065275,0.36229659195578756,0.4382932430798985
2011-11-13,4,2011,11,0,0,0,1,0.46,0.4545,0.31345,0.43,1004,2713,3717,0.2925610114672155,0.3501688670555726,0.39598694548531366
2011-11-14,4,2011,11,0,1,1,1,0.55,0.52275,0.2985,0.595,595,3891,4486,0.17230226403998825,0.5310101320233344,0.4889399250574157
2011-11-15,4,2011,11,0,2,1,2,0.54,0.5152,0.19399999999999998,0.68,449,3746,4195,0.12937371361364305,0.5087503837887627,0.45376526048591803
2011-11-16,4,2011,11,0,3,1,3,0.46,0.4545,0.1045,0.94,145,1672,1817,0.03998823875330785,0.19035922628185448,0.1663241871147105
2011-11-17,4,2011,11,0,4,1,2,0.34,0.303,0.2985,0.55,139,2914,3053,0.03822405174948545,0.381025483573841,0.3157258551915871
2011-11-18,4,2011,11,0,5,1,1,0.26,0.2727,0.1642,0.425,245,3147,3392,0.06939135548368126,0.41679459625422166,0.3567025262903421
2011-11-19,4,2011,11,0,6,0,1,0.35,0.3409,0.2537,0.52,943,2720,3663,0.27462511026168773,0.3512434755910347,0.38945968814214915
2011-11-20,4,2011,11,0,0,0,2,0.46,0.4545,0.19399999999999998,0.67,787,2733,3520,0.2287562481623052,0.35323917715689285,0.37217454369636166
2011-11-21,4,2011,11,0,1,1,3,0.44,0.4394,0.14925,0.94,220,2545,2765,0.06204057630108792,0.3243782622044826,0.28091381602804305
2011-11-22,4,2011,11,0,2,1,3,0.4,0.4091,0.1045,0.94,69,1538,1607,0.017641870038224053,0.1697881486030089,0.14094040855795964
2011-11-23,4,2011,11,0,3,1,2,0.45,0.44695,0.37315,0.715,112,2454,2566,0.030285210232284622,0.3104083512434756,0.25685966396712195
2011-11-24,4,2011,11,1,4,0,1,0.36,0.3485,0.14925,0.59,560,935,1495,0.16201117318435754,0.07721829904820386,0.1274023933276925
2011-11-25,4,2011,11,0,5,1,1,0.35,0.35605,0.1045,0.71,1095,1697,2792,0.31931784769185534,0.19419711390850475,0.2841774446996253
2011-11-26,4,2011,11,0,6,0,1,0.37,0.38634999999999997,0.0896,0.755,1249,1819,3068,0.3645986474566304,0.2129260055265582,0.317538982231355
2011-11-27,4,2011,11,0,0,0,1,0.48,0.4697,0.23879999999999998,0.72,810,2261,3071,0.2355189650102911,0.28077985876573536,0.3179016076393086
2011-11-28,4,2011,11,0,1,1,1,0.52,0.5,0.14925,0.77,254,3622,3876,0.07203763598941487,0.4897144611605772,0.4152060921068536
2011-11-29,4,2011,11,0,2,1,2,0.45999999999999996,0.4545,0.2836,0.83,96,2818,2914,0.025580711555424875,0.3662879950875038,0.2989242112897377
2011-11-30,4,2011,11,0,3,1,1,0.32,0.303,0.2836,0.57,188,3425,3613,0.05263157894736842,0.4594719066625729,0.38341593134292273
2011-12-01,4,2011,12,0,4,1,1,0.3,0.3106,0.23879999999999998,0.525,182,3545,3727,0.05086739194354602,0.4778937672704943,0.39719569684515893
2011-12-02,4,2011,12,0,5,1,1,0.32,0.3182,0.0896,0.615,268,3672,3940,0.07615407233166716,0.4973902364138778,0.4229421008098634
2011-12-03,4,2011,12,0,6,0,1,0.3,0.3182,0.0896,0.61,706,2908,3614,0.20493972361070273,0.3801043905434449,0.3835368064789073
2011-12-04,4,2011,12,0,0,0,1,0.34,0.3409,0.1045,0.81,634,2851,3485,0.18376947956483386,0.3713540067546822,0.3679439139369032
2011-12-05,4,2011,12,0,1,1,1,0.38,0.38634999999999997,0.0896,0.87,233,3578,3811,0.06586298147603646,0.4829597789376727,0.4073492082678593
2011-12-06,4,2011,12,0,2,1,3,0.46,0.4545,0.2239,0.97,126,2468,2594,0.0344016465745369,0.31255756831439974,0.26024416777468873
2011-12-07,4,2011,12,0,3,1,3,0.44,0.4394,0.2239,1.0,50,655,705,0.012055277859453102,0.034233957629720604,0.03191103589991539
2011-12-08,4,2011,12,0,4,1,1,0.26,0.26515,0.23879999999999998,0.555,150,3172,3322,0.041458394589826524,0.420632483880872,0.34824126677142514
2011-12-09,4,2011,12,0,5,1,1,0.29000000000000004,0.3106,0.0,0.7,261,3359,3620,0.07409585416054101,0.44933988332821617,0.38426205729481444
2011-12-10,4,2011,12,0,6,0,1,0.26,0.26515,0.2239,0.5,502,2688,3190,0.14495736548074095,0.3463309794289223,0.33228574882146744
2011-12-11,4,2011,12,0,0,0,1,0.22,0.25,0.0,0.55,377,2366,2743,0.10820346956777419,0.2968989867976666,0.2782545630363834
2011-12-12,4,2011,12,0,1,1,1,0.25,0.2879,0.0896,0.69,143,3167,3310,0.03940017641870038,0.4198649063555419,0.34679076513961077
2011-12-13,4,2011,12,0,2,1,1,0.3,0.303,0.1642,0.52,155,3368,3523,0.04292855042634519,0.45072152287381023,0.3725371691043152
2011-12-14,4,2011,12,0,3,1,2,0.33,0.3333,0.0448,0.655,178,3562,3740,0.049691267274331076,0.4805035308566165,0.3987670736129578
2011-12-15,4,2011,12,0,4,1,2,0.43000000000000005,0.4318,0.2836,0.63,181,3528,3709,0.050573360776242283,0.4752840036843721,0.39501994439743743
2011-12-16,4,2011,12,0,5,1,2,0.34,0.3182,0.26865,0.45,178,3399,3577,0.049691267274331076,0.4554805035308566,0.37906442644747973
2011-12-17,4,2011,12,0,6,0,1,0.26,0.2576,0.2537,0.56,275,2464,2739,0.0782122905027933,0.3119435062941357,0.2777710624924453
2011-12-18,4,2011,12,0,0,0,1,0.22,0.23485,0.1642,0.59,220,2211,2431,0.06204057630108792,0.27310408351243476,0.2405415206092107
2011-12-19,4,2011,12,0,1,1,1,0.28,0.25755,0.1642,0.63,260,3143,3403,0.07380182299323729,0.4161805342339576,0.3580321527861719
2011-12-20,4,2011,12,0,2,1,2,0.37,0.38634999999999997,0.0,0.595,216,3534,3750,0.06086445163187298,0.4762050967147682,0.3999758249728031
2011-12-21,1,2011,12,0,3,1,2,0.44,0.4394,0.26865,0.88,107,2553,2660,0.02881505439576595,0.32560638624501076,0.2682219267496676
2011-12-22,1,2011,12,0,4,1,2,0.44,0.4394,0.0,0.7949999999999999,227,2841,3068,0.06409879447221406,0.3698188517040221,0.317538982231355
2011-12-23,1,2011,12,0,5,1,1,0.38,0.3939,0.2537,0.64,163,2046,2209,0.045280799764775066,0.24777402517654282,0.21370724042064548
2011-12-24,1,2011,12,0,6,0,1,0.31,0.303,0.1642,0.54,155,856,1011,0.04292855042634519,0.06509057414798895,0.06889882751118095
2011-12-25,1,2011,12,0,0,0,1,0.27,0.2727,0.1343,0.7,303,453,756,0.08644516318729785,0.003223825606386245,0.038075667835126316
2011-12-26,1,2011,12,1,1,0,1,0.34,0.3144,0.23879999999999998,0.46,431,890,1321,0.12408115260217584,0.07031010132023334,0.10637011966638463
2011-12-27,1,2011,12,0,2,1,2,0.31,0.32575,0.14925,0.755,103,1059,1162,0.027638929726551013,0.09625422167638932,0.08715097304484468
2011-12-28,1,2011,12,0,3,1,1,0.32,0.2879,0.2537,0.46,255,2053,2308,0.07233166715671861,0.2488486337120049,0.22567387888311374
2011-12-29,1,2011,12,0,4,1,1,0.25,0.26515,0.1194,0.56,254,2169,2423,0.07203763598941487,0.26665643229966224,0.23957451952133446
2011-12-30,1,2011,12,0,5,1,1,0.32,0.3106,0.1045,0.66,491,2508,2999,0.14172302264039988,0.31869818851704024,0.3091985978484226
2011-12-31,1,2011,12,0,6,0,1,0.4,0.4091,0.2239,0.62,665,1820,2485,0.19288444575124963,0.2130795210316242,0.2470687779523752
2012-01-01,1,2012,1,0,0,0,1,0.38,0.39395,0.1642,0.665,686,1608,2294,0.19905910026462806,0.18053423395762971,0.22398162697933036
2012-01-02,1,2012,1,1,1,0,1,0.26,0.2424,0.3284,0.37,244,1712,1956,0.06909732431637754,0.19649984648449492,0.18312583101655988
2012-01-03,1,2012,1,0,2,1,1,0.16,0.1212,0.2836,0.46,89,2147,2236,0.023522493384298737,0.26327909118821,0.21697086909222774
2012-01-04,1,2012,1,0,3,1,2,0.09,0.11365,0.19399999999999998,0.415,95,2273,2368,0.025286680388121142,0.2826220448265275,0.23292638704218543
2012-01-05,1,2012,1,0,4,1,1,0.25,0.26515,0.09705,0.51,140,3132,3272,0.03851808291678918,0.4144918636782315,0.3421975099721987
2012-01-06,1,2012,1,0,5,1,1,0.32999999999999996,0.31815,0.17909999999999998,0.53,307,3791,4098,0.0876212878565128,0.5156585815167332,0.4420403722954188
2012-01-07,1,2012,1,0,6,0,1,0.39,0.40149999999999997,0.1642,0.455,1070,3451,4521,0.311967068509262,0.46346330979428924,0.49317055481687416
2012-01-08,1,2012,1,0,0,0,1,0.34,0.3333,0.20894999999999997,0.475,599,2826,3425,0.17347838870920318,0.36751611912803195,0.3606914057778315
2012-01-09,1,2012,1,0,1,1,2,0.22,0.2424,0.1045,0.64,106,2270,2376,0.028521023228462217,0.2821614983113294,0.23389338813006164
2012-01-10,1,2012,1,0,2,1,1,0.31,0.31815,0.1642,0.6799999999999999,174,3428,3602,0.04851514260511614,0.45993245317777093,0.38208630484709294
2012-01-11,1,2012,1,0,3,1,2,0.28,0.303,0.1343,0.865,92,2085,2177,0.024404586886209938,0.2537611298741173,0.20983923606914057
2012-01-12,1,2012,1,0,4,1,1,0.36,0.3485,0.17909999999999998,0.81,269,3828,4097,0.0764481034989709,0.5213386552041757,0.4419194971594343
2012-01-13,1,2012,1,0,5,1,1,0.26,0.23485,0.3582,0.45499999999999996,174,3040,3214,0.04851514260511614,0.4003684372121584,0.3351867520850961
2012-01-14,1,2012,1,0,6,0,1,0.16,0.17425,0.19399999999999998,0.47,333,2160,2493,0.09526609820640988,0.2652747927540682,0.24803577904025143
2012-01-15,1,2012,1,0,0,0,1,0.16,0.1591,0.2836,0.44999999999999996,284,2027,2311,0.0808585710085269,0.2448572305802886,0.22603650429106734
2012-01-16,1,2012,1,1,1,0,1,0.18,0.19699999999999998,0.26865,0.53,217,2081,2298,0.06115848279917671,0.2531470678538532,0.22446512752326847
2012-01-17,1,2012,1,0,2,1,2,0.33,0.32575,0.3284,0.7025,127,2815,2942,0.03469567774184063,0.3658274485723058,0.3023087150973045
2012-01-18,1,2012,1,0,3,1,1,0.3,0.2727,0.4179,0.42,109,3267,3376,0.029403116730373418,0.43521645686214305,0.35476852411458965
2012-01-19,1,2012,1,0,4,1,1,0.18,0.20455,0.19399999999999998,0.5,130,3162,3292,0.03557777124375184,0.41909732883021183,0.34461501269188927
2012-01-20,1,2012,1,0,5,1,2,0.22,0.2197,0.20894999999999997,0.405,115,3048,3163,0.031167303734195826,0.4015965612526865,0.3290221201498852
2012-01-21,1,2012,1,0,6,0,2,0.16999999999999998,0.17425,0.23879999999999998,0.8,67,1234,1301,0.017053807703616582,0.12311943506294136,0.10395261694669407
2012-01-22,1,2012,1,0,0,0,2,0.16,0.1591,0.2239,0.8,196,1781,1977,0.05498382828579829,0.20709241633404973,0.18566420887223498
2012-01-23,1,2012,1,0,1,1,2,0.21000000000000002,0.2424,0.1045,0.93,145,2287,2432,0.03998823875330785,0.28477126189745167,0.2406623957451952
2012-01-24,1,2012,1,0,2,1,1,0.32,0.3333,0.1343,0.87,439,3900,4339,0.1264334019406057,0.5323917715689285,0.4711712800676901
2012-01-25,1,2012,1,0,3,1,1,0.3,0.3106,0.17909999999999998,0.655,467,3803,4270,0.13466627462511027,0.5175007675775253,0.46283089568475766
2012-01-26,1,2012,1,0,4,1,2,0.32,0.3333,0.09705,0.755,244,3831,4075,0.06909732431637754,0.5217992017193737,0.4392602441677747
2012-01-27,1,2012,1,0,5,1,1,0.42,0.4242,0.3284,0.845,269,3187,3456,0.0764481034989709,0.42293521645686216,0.3644385349933519
2012-01-28,1,2012,1,0,6,0,1,0.3,0.303,0.19399999999999998,0.54,775,3248,4023,0.2252278741546604,0.43229966226588884,0.43297473709657924
2012-01-29,1,2012,1,0,0,0,1,0.3,0.2803,0.2239,0.28500000000000003,558,2685,3243,0.16142311084975008,0.34587043291372427,0.3386921310286474
2012-01-30,1,2012,1,0,1,1,1,0.26,0.2576,0.19399999999999998,0.43,126,3498,3624,0.0344016465745369,0.4706785385323918,0.3847455578387526
2012-01-31,1,2012,1,0,2,1,1,0.4,0.4091,0.2537,0.42,324,4185,4509,0.09261981770067627,0.5761436905127418,0.49172005318505985
2012-02-01,1,2012,2,0,3,1,1,0.44,0.4394,0.17909999999999998,0.51,304,4275,4579,0.08673919435460159,0.5899600859686829,0.5001813127039768
2012-02-02,1,2012,2,0,4,1,1,0.4,0.4091,0.1343,0.67,190,3571,3761,0.05321964128197589,0.4818851704022106,0.4013054514686329
2012-02-03,1,2012,2,0,5,1,1,0.32,0.29545,0.17909999999999998,0.525,310,3841,4151,0.08850338135842399,0.5233343567700338,0.4484467545025988
2012-02-04,1,2012,2,0,6,0,2,0.24,0.2727,0.1343,0.78,384,2448,2832,0.11026168773890033,0.30948725821307954,0.2890124501390064
2012-02-05,1,2012,2,0,0,0,2,0.26,0.2576,0.1642,0.675,318,2629,2947,0.09085563069685387,0.3372735646300276,0.3029130907772271
2012-02-06,1,2012,2,0,1,1,1,0.28,0.28785,0.1343,0.65,206,3580,3786,0.057924139958835635,0.48326680994780474,0.4043273298682461
2012-02-07,1,2012,2,0,2,1,1,0.33,0.3409,0.17909999999999998,0.475,199,4176,4375,0.055865921787709494,0.5747620509671477,0.4755227849631331
2012-02-08,1,2012,2,0,3,1,2,0.24,0.2576,0.1194,0.7,109,2693,2802,0.029403116730373418,0.3470985569542524,0.2853861960594706
2012-02-09,1,2012,2,0,4,1,1,0.25,0.2424,0.2239,0.52,163,3667,3830,0.045280799764775066,0.49662265888854773,0.40964583585156533
2012-02-10,1,2012,2,0,5,1,2,0.29000000000000004,0.303,0.09705,0.56,227,3604,3831,0.06409879447221406,0.48695118206938903,0.40976671098754985
2012-02-11,1,2012,2,0,6,0,3,0.22,0.2273,0.2239,0.81,192,1977,2169,0.05380770361658336,0.23718145532698803,0.20887223498126437
2012-02-12,1,2012,2,0,0,0,1,0.13,0.1061,0.3881,0.43,73,1456,1529,0.018817994707438987,0.15719987718759595,0.13151214795116645
2012-02-13,1,2012,2,0,1,1,1,0.24,0.24245,0.17909999999999998,0.455,94,3328,3422,0.024992649220817408,0.4445809026711698,0.3603287803698779
2012-02-14,1,2012,2,0,2,1,2,0.3,0.3106,0.1045,0.5,135,3787,3922,0.03704792708027051,0.5150445194964691,0.4207663483621419
2012-02-15,1,2012,2,0,3,1,1,0.34,0.3485,0.17909999999999998,0.53,141,4028,4169,0.038812114084092915,0.5520417562173779,0.4506225069503203
2012-02-16,1,2012,2,0,4,1,2,0.32,0.3333,0.0896,0.705,74,2931,3005,0.019112025874742724,0.38363524715996317,0.30992384866432976
2012-02-17,1,2012,2,0,5,1,1,0.36,0.3409,0.19399999999999998,0.54,349,3805,4154,0.09997059688326963,0.5178077985876574,0.4488093799105524
2012-02-18,1,2012,2,0,6,0,1,0.35,0.3333,0.1642,0.44,1435,2883,4318,0.419288444575125,0.3762665029167946,0.468632902212015
2012-02-19,1,2012,2,0,0,0,2,0.29000000000000004,0.2727,0.2537,0.505,618,2071,2689,0.17906498088797412,0.2516119128031931,0.2717273056932189
2012-02-20,1,2012,2,1,1,0,1,0.27,0.26515,0.2239,0.46499999999999997,502,2634,3136,0.14495736548074095,0.3380411421553577,0.32575849147830294
2012-02-21,1,2012,2,0,2,1,1,0.28,0.29545,0.19399999999999998,0.615,163,3616,3779,0.045280799764775066,0.48879336813018115,0.4034812039163544
2012-02-22,1,2012,2,0,3,1,1,0.38,0.3788,0.23879999999999998,0.64,394,4379,4773,0.11320199941193766,0.605925698495548,0.5236310890849752
2012-02-23,1,2012,2,0,4,1,1,0.44,0.4394,0.20894999999999997,0.525,516,4546,5062,0.14907380182299323,0.631562787841572,0.5585640033845038
2012-02-24,1,2012,2,0,5,1,2,0.4,0.4091,0.17909999999999998,0.79,246,3241,3487,0.069685386650985,0.4312250537304268,0.3681856642088722
2012-02-25,1,2012,2,0,6,0,1,0.3,0.2727,0.403,0.4,317,2415,2732,0.09056159952955013,0.30442124654590114,0.2769249365405536
2012-02-26,1,2012,2,0,0,0,1,0.27,0.2576,0.2239,0.41,515,2874,3389,0.1487797706556895,0.37488486337120047,0.3563399008823885
2012-02-27,1,2012,2,0,1,1,1,0.38,0.3712,0.2537,0.445,253,4069,4322,0.07174360482211115,0.5583358919250845,0.4691164027559531
2012-02-28,1,2012,2,0,2,1,1,0.36,0.35605,0.14925,0.42,229,4134,4363,0.06468685680682153,0.5683143997543751,0.47407228333131873
2012-02-29,1,2012,2,0,3,1,2,0.32,0.3333,0.1642,0.82,65,1784,1849,0.016465745369009115,0.20755296284924776,0.1701921914662154
2012-03-01,1,2012,3,0,4,1,1,0.47,0.4621,0.2239,0.5,325,4665,4990,0.09291384886798,0.6498311329444274,0.5498609935936178
2012-03-02,1,2012,3,0,5,1,1,0.36,0.3485,0.17909999999999998,0.655,246,2948,3194,0.069685386650985,0.38624501074608536,0.33276924936540553
2012-03-03,1,2012,3,0,6,0,2,0.41000000000000003,0.41665,0.1343,0.77,956,3110,4066,0.27844751543663626,0.4111145225667793,0.43817236794391395
2012-03-04,1,2012,3,0,0,0,1,0.33,0.2879,0.3284,0.405,710,2713,3423,0.20611584827991766,0.3501688670555726,0.36044965550586244
2012-03-05,1,2012,3,0,1,1,1,0.24,0.23485,0.17909999999999998,0.53,203,3130,3333,0.057042046456924435,0.41418483266809947,0.34957089326725493
2012-03-06,1,2012,3,0,2,1,1,0.26,0.2727,0.2239,0.45,221,3735,3956,0.06233460746839165,0.5070617132330365,0.42487610298561584
2012-03-07,1,2012,3,0,3,1,1,0.43,0.4318,0.3284,0.56,432,4484,4916,0.12437518376947956,0.6220448265274793,0.5409162335307627
2012-03-08,1,2012,3,0,4,1,1,0.55,0.52275,0.41795,0.6,486,4896,5382,0.14025286680388122,0.6852932146146761,0.5972440468995528
2012-03-09,1,2012,3,0,5,1,1,0.4,0.4091,0.4179,0.34,447,4122,4569,0.12878565127903557,0.566472213693583,0.49897256134413154
2012-03-10,1,2012,3,0,6,0,1,0.3,0.2727,0.26865,0.36,968,3150,4118,0.2819758894442811,0.4172551427694197,0.4444578750151094
2012-03-11,1,2012,3,0,0,0,1,0.38,0.3712,0.2239,0.495,1667,3307,4974,0.4875036753895913,0.44135707706478355,0.5479269914178654
2012-03-12,1,2012,3,0,1,1,1,0.45999999999999996,0.45455,0.20894999999999997,0.5,838,4460,5298,0.24375183769479564,0.618360454405895,0.5870905354768524
2012-03-13,1,2012,3,0,2,1,1,0.56,0.5303,0.2239,0.6,762,5085,5847,0.22140546897971186,0.7143076450721523,0.6534509851323582
2012-03-14,1,2012,3,0,3,1,1,0.56,0.5303,0.1045,0.49,997,5315,6312,0.2905027932960894,0.749616211237335,0.7096579233651638
2012-03-15,1,2012,3,0,4,1,1,0.53,0.5076,0.1194,0.6,1005,5187,6192,0.2928550426345193,0.7299662265888854,0.6951529070470204
2012-03-16,1,2012,3,0,5,1,2,0.44,0.4394,0.0896,0.845,548,3830,4378,0.15848279917671274,0.5216456862143076,0.47588541037108667
2012-03-17,1,2012,3,0,6,0,1,0.51,0.4924,0.1045,0.77,3155,4681,7836,0.9250220523375478,0.6522873810254836,0.8938716306055844
2012-03-18,1,2012,3,0,0,0,2,0.46,0.4545,0.1194,0.82,2207,3685,5892,0.6462805057336077,0.49938593797973596,0.6588903662516621
2012-03-19,1,2012,3,0,1,1,1,0.56,0.5303,0.1642,0.72,982,5171,6153,0.2860923257865334,0.7275099785078293,0.6904387767436239
2012-03-20,1,2012,3,0,2,1,1,0.55,0.52275,0.1343,0.8049999999999999,1051,5042,6093,0.30638047633049104,0.7077064783543138,0.6831862685845521
2012-03-21,2,2012,3,0,3,1,2,0.52,0.5,0.09705,0.83,1122,5108,6230,0.32725668920905615,0.7178385016886706,0.6997461622144325
2012-03-22,2,2012,3,0,4,1,1,0.53,0.5076,0.0896,0.83,1334,5537,6871,0.3895912966774478,0.7836966533619896,0.7772271243805149
2012-03-23,2,2012,3,0,5,1,2,0.6,0.5909,0.1045,0.71,2469,5893,8362,0.7233166715671862,0.8383481731654897,0.9574519521334461
2012-03-24,2,2012,3,0,6,0,2,0.51,0.4924,0.19399999999999998,0.9099999999999999,1033,2339,3372,0.3010879153190238,0.29275406816088423,0.3542850235706515
2012-03-25,2,2012,3,0,0,0,2,0.42,0.4242,0.2537,0.9099999999999999,1532,3464,4996,0.44780946780358716,0.4654590113601474,0.550586244409525
2012-03-26,2,2012,3,0,1,1,1,0.46,0.4545,0.403,0.33,795,4763,5558,0.2311084975007351,0.6648756524408965,0.6185180708328297
2012-03-27,2,2012,3,0,2,1,1,0.32,0.3106,0.17909999999999998,0.305,531,4571,5102,0.15348426933254924,0.6354006754682223,0.5633990088238849
2012-03-28,2,2012,3,0,3,1,1,0.52,0.5,0.2985,0.445,674,5024,5698,0.19553072625698323,0.7049431992631255,0.6354405898706637
2012-03-29,2,2012,3,0,4,1,1,0.5,0.4848,0.2985,0.44,834,5299,6133,0.2425757130255807,0.7471599631562788,0.6880212740239333
2012-03-30,2,2012,3,0,5,1,1,0.37,0.38634999999999997,0.14925,0.57,796,4663,5459,0.23140252866803881,0.6495241019342953,0.6065514323703615
2012-03-31,2,2012,3,0,6,0,2,0.4,0.4091,0.2537,0.74,2301,3934,6235,0.6739194354601588,0.5376112987411729,0.7003505378943551
2012-04-01,2,2012,4,0,0,0,2,0.41000000000000003,0.41665,0.1642,0.71,2347,3694,6041,0.6874448691561306,0.5007675775253301,0.6769007615133567
2012-04-02,2,2012,4,0,1,1,1,0.44,0.4394,0.3209,0.45499999999999996,1210,4730,5940,0.35313143193178476,0.6598096407737182,0.6646923727789193
2012-04-03,2,2012,4,0,2,1,1,0.49,0.47725,0.0896,0.405,1348,5424,6772,0.3937077330197001,0.7663494012895302,0.7652604859180466
2012-04-04,2,2012,4,0,3,1,1,0.55,0.52275,0.17909999999999998,0.46,1058,5378,6436,0.30843869450161715,0.7592876880564937,0.7246464402272452
2012-04-05,2,2012,4,0,4,1,1,0.43,0.4318,0.20894999999999997,0.36,1192,5265,6457,0.34783887092031757,0.7419404359840344,0.7271848180829203
2012-04-06,2,2012,4,0,5,1,1,0.4,0.4091,0.31345,0.36,1807,4653,6460,0.5286680388121141,0.6479889468836353,0.727547443490874
2012-04-07,2,2012,4,0,6,0,1,0.45,0.44695,0.2537,0.235,3252,3605,6857,0.95354307556601,0.487104697574455,0.7755348724767316
2012-04-08,2,2012,4,0,0,0,1,0.5,0.4848,0.2239,0.25,2230,2939,5169,0.6530432225815936,0.38486337120049124,0.5714976429348483
2012-04-09,2,2012,4,0,1,1,1,0.48,0.4697,0.3582,0.3,905,4680,5585,0.26345192590414584,0.6521338655204175,0.621781699504412
2012-04-10,2,2012,4,0,2,1,1,0.44,0.4394,0.20894999999999997,0.385,819,5099,5918,0.2381652455160247,0.7164568621430765,0.6620331197872598
2012-04-11,2,2012,4,0,3,1,1,0.34,0.303,0.2985,0.475,482,4394,4876,0.13907674213466628,0.6082284310715382,0.5360812280913816
2012-04-12,2,2012,4,0,4,1,1,0.42,0.4242,0.2836,0.43999999999999995,663,4746,5409,0.19229638341664215,0.6622658888547743,0.600507675571135
2012-04-13,2,2012,4,0,5,1,1,0.44,0.4394,0.1642,0.375,1252,5146,6398,0.3654807409585416,0.723672090881179,0.7200531850598332
2012-04-14,2,2012,4,0,6,0,1,0.53,0.5076,0.1642,0.515,2795,4665,7460,0.8191708321082035,0.6498311329444274,0.8484225794754019
2012-04-15,2,2012,4,0,0,0,1,0.62,0.6212,0.23879999999999998,0.51,2846,4286,7132,0.8341664216406939,0.591648756524409,0.8087755348724768
2012-04-16,2,2012,4,1,1,0,1,0.66,0.6288,0.2537,0.55,1198,5172,6370,0.34960305792414,0.7276634940128953,0.7166686812522665
2012-04-17,2,2012,4,0,2,1,1,0.6,0.6212,0.2537,0.33,989,5702,6691,0.2881505439576595,0.8090267116978815,0.7554695999032999
2012-04-18,2,2012,4,0,3,1,2,0.46,0.4545,0.19399999999999998,0.49,347,4020,4367,0.09938253454866215,0.5508136321768499,0.4745557838752569
2012-04-19,2,2012,4,0,4,1,1,0.51,0.4924,0.0896,0.61,846,5719,6565,0.24610408703322553,0.8116364752840037,0.7402393327692494
2012-04-20,2,2012,4,0,5,1,1,0.53,0.5076,0.17909999999999998,0.68,1340,5950,7290,0.3913554836812702,0.8470985569542524,0.8278738063580322
2012-04-21,2,2012,4,0,6,0,1,0.52,0.5,0.26865,0.77,2541,4083,6624,0.744486915613055,0.5604851089960086,0.7473709657923365
2012-04-22,2,2012,4,0,0,0,3,0.38,0.3939,0.3284,0.82,120,907,1027,0.0326374595707145,0.07291986490635555,0.0708328296869334
2012-04-23,2,2012,4,0,1,1,2,0.32,0.303,0.3284,0.785,195,3019,3214,0.05468979711849456,0.3971446116057722,0.3351867520850961
2012-04-24,2,2012,4,0,2,1,1,0.43,0.4318,0.23879999999999998,0.365,518,5115,5633,0.14966186415760072,0.7189131102241326,0.6275837060316692
2012-04-25,2,2012,4,0,3,1,1,0.51,0.4924,0.0896,0.395,655,5541,6196,0.18994413407821228,0.7843107153822536,0.6956364075909586
2012-04-26,2,2012,4,0,4,1,2,0.49,0.47725,0.1642,0.7949999999999999,475,4551,5026,0.13701852396354014,0.632330365366902,0.5542124984890608
2012-04-27,2,2012,4,0,5,1,1,0.45,0.44695,0.3582,0.38,1014,5219,6233,0.29550132314025285,0.7348787227509979,0.700108787622386
2012-04-28,2,2012,4,0,6,0,2,0.38,0.3939,0.1343,0.445,1120,3100,4220,0.3266686268744487,0.4095793675161191,0.45678713888553124
2012-04-29,2,2012,4,0,0,0,1,0.47,0.4621,0.1343,0.55,2229,4075,6304,0.6527491914142899,0.5592569849554805,0.7086909222772876
2012-04-30,2,2012,4,0,1,1,2,0.44,0.4394,0.17909999999999998,0.5700000000000001,665,4907,5572,0.19288444575124963,0.6869818851704023,0.620210322736613
2012-05-01,2,2012,5,0,2,1,2,0.63,0.5985,0.14925,0.65,653,5087,5740,0.18935607174360483,0.7146146760822844,0.6405173455820138
2012-05-02,2,2012,5,0,3,1,1,0.56,0.5303,0.14925,0.815,667,5502,6169,0.19347250808585711,0.7783236106846791,0.6923727789193763
2012-05-03,2,2012,5,0,4,1,1,0.55,0.52275,0.1343,0.78,764,5657,6421,0.22199353131431931,0.802118513969911,0.7228333131874773
2012-05-04,2,2012,5,0,5,1,1,0.61,0.58335,0.1343,0.78,1069,5227,6296,0.3116730373419582,0.7361068467915259,0.7077239211894113
2012-05-05,2,2012,5,0,6,0,1,0.6,0.5682,0.1194,0.78,2496,4387,6883,0.731255513084387,0.6071538225360762,0.7786776260123293
2012-05-06,2,2012,5,0,0,0,2,0.56,0.5303,0.1642,0.75,2135,4224,6359,0.6251102616877389,0.5821307952103162,0.7153390547564366
2012-05-07,2,2012,5,0,1,1,2,0.54,0.5152,0.20894999999999997,0.7050000000000001,1008,5265,6273,0.2937371361364305,0.7419404359840344,0.7049437930617672
2012-05-08,2,2012,5,0,2,1,2,0.6,0.5758,0.2836,0.69,738,4990,5728,0.21434872096442223,0.6997236720908812,0.6390668439501994
2012-05-09,2,2012,5,0,3,1,2,0.5700000000000001,0.5379,0.19399999999999998,0.82,620,4097,4717,0.1796530432225816,0.5626343260669328,0.5168620814698417
2012-05-10,2,2012,5,0,4,1,1,0.5,0.4848,0.34330000000000005,0.48,1026,5546,6572,0.2990296971478977,0.7850782929075837,0.7410854587211411
2012-05-11,2,2012,5,0,5,1,1,0.55,0.52275,0.2537,0.355,1319,5711,7030,0.3851808291678918,0.8104083512434755,0.7964462710020549
2012-05-12,2,2012,5,0,6,0,1,0.5700000000000001,0.5379,0.1343,0.48,2622,4807,7429,0.7683034401646575,0.6716303346638011,0.8446754502598816
2012-05-13,2,2012,5,0,0,0,1,0.62,0.6212,0.19399999999999998,0.57,2172,3946,6118,0.6359894148779771,0.539453484801965,0.6862081469841653
2012-05-14,2,2012,5,0,1,1,2,0.58,0.5455,0.2239,0.8049999999999999,342,2501,2843,0.09791237871214349,0.31762357998157814,0.2903420766348362
2012-05-15,2,2012,5,0,2,1,2,0.6,0.5682,0.1343,0.78,625,4490,5115,0.18112319905910026,0.6229659195578754,0.5649703855916838
2012-05-16,2,2012,5,0,3,1,1,0.64,0.6061,0.1194,0.73,991,6433,7424,0.288738606292267,0.921246545901136,0.8440710745799589
2012-05-17,2,2012,5,0,4,1,1,0.6,0.5758,0.19399999999999998,0.49,1242,6142,7384,0.3625404292855043,0.8765735339269266,0.8392360691405778
2012-05-18,2,2012,5,0,5,1,1,0.5800000000000001,0.57575,0.1343,0.49,1521,6118,7639,0.4445751249632461,0.8728891618053424,0.8700592288166324
2012-05-19,2,2012,5,0,6,0,1,0.61,0.6212,0.0896,0.44999999999999996,3410,4884,8294,1.0,0.683451028553884,0.9492324428864982
2012-05-20,2,2012,5,0,0,0,1,0.63,0.61365,0.31345,0.525,2704,4425,7129,0.7924139958835636,0.6129874117285846,0.8084129094645232
2012-05-21,2,2012,5,0,1,1,2,0.6,0.5606,0.2537,0.83,630,3729,4359,0.18259335489561893,0.5061406202026405,0.47358878278738065
2012-05-22,2,2012,5,0,2,1,2,0.61,0.58335,0.1045,0.78,819,5254,6073,0.2381652455160247,0.7402517654283083,0.6807687658648616
2012-05-23,2,2012,5,0,3,1,2,0.62,0.5758,0.1045,0.8049999999999999,766,4494,5260,0.2225815936489268,0.6235799815781394,0.5824972803094404
2012-05-24,2,2012,5,0,4,1,1,0.64,0.5909,0.1642,0.73,1059,5711,6770,0.3087327256689209,0.8104083512434755,0.7650187356460776
2012-05-25,2,2012,5,0,5,1,1,0.67,0.6288,0.1343,0.785,1417,5317,6734,0.41399588356365774,0.749923242247467,0.7606672307506346
2012-05-26,2,2012,5,0,6,0,1,0.7,0.6667,0.19399999999999998,0.74,2855,3681,6536,0.8368127021464276,0.4987718759594719,0.7367339538256981
2012-05-27,2,2012,5,0,0,0,1,0.67,0.6288,0.20894999999999997,0.71,3283,3308,6591,0.9626580417524258,0.44151059256984954,0.7433820863048471
2012-05-28,2,2012,5,1,1,0,1,0.72,0.6894,0.19405,0.66,2557,3486,6043,0.7491914142899148,0.4688363524715996,0.6771425117853258
2012-05-29,2,2012,5,0,2,1,1,0.7,0.6667,0.29105000000000003,0.72,880,4863,5743,0.2561011467215525,0.6802272029474977,0.6408799709899674
2012-05-30,2,2012,5,0,3,1,2,0.65,0.61365,0.1343,0.6699999999999999,745,6110,6855,0.21640693913554837,0.8716610377648143,0.7752931222047624
2012-05-31,2,2012,5,0,4,1,1,0.67,0.6288,0.19399999999999998,0.45499999999999996,1100,6238,7338,0.320788003528374,0.8913110224132638,0.8336758128852895
2012-06-01,2,2012,6,0,5,1,2,0.64,0.5909,0.2537,0.76,533,3594,4127,0.15407233166715673,0.4854160270187289,0.44554575123897017
2012-06-02,2,2012,6,0,6,0,1,0.58,0.5455,0.19399999999999998,0.49,2795,5325,8120,0.8191708321082035,0.7511513662879951,0.9282001692251903
2012-06-03,2,2012,6,0,0,0,1,0.62,0.6212,0.17909999999999998,0.445,2494,5147,7641,0.7306674507497795,0.723825606386245,0.8703009790886015
2012-06-04,2,2012,6,0,1,1,1,0.6,0.6212,0.29105000000000003,0.45999999999999996,1071,5927,6998,0.31226109967656573,0.8435677003377341,0.79257826665055
2012-06-05,2,2012,6,0,2,1,2,0.54,0.5152,0.19399999999999998,0.56,968,6033,7001,0.2819758894442811,0.8598403438747313,0.7929408920585036
2012-06-06,2,2012,6,0,3,1,1,0.54,0.5152,0.0896,0.68,1027,6028,7055,0.29932372831520143,0.8590727663494013,0.7994681494016681
2012-06-07,2,2012,6,0,4,1,1,0.6,0.61365,0.14925,0.495,1038,6456,7494,0.3025580711555425,0.9247774025176543,0.8525323340988759
2012-06-08,2,2012,6,0,5,1,1,0.67,0.6288,0.1642,0.44499999999999995,1488,6248,7736,0.43487209644222286,0.8928461774639238,0.8817841170071317
2012-06-09,2,2012,6,0,6,0,1,0.7,0.6515,0.1642,0.505,2708,4790,7498,0.7935901205527786,0.6690205710776789,0.8530158346428139
2012-06-10,2,2012,6,0,0,0,1,0.72,0.67425,0.1194,0.58,2224,4374,6598,0.6512790355777712,0.605158120970218,0.7442282122567387
2012-06-11,2,2012,6,0,1,1,1,0.72,0.6667,0.19399999999999998,0.58,1017,5647,6664,0.29638341664216405,0.8005833589192508,0.7522059712317176
2012-06-12,2,2012,6,0,2,1,2,0.66,0.5909,0.20894999999999997,0.88,477,4495,4972,0.1376065862981476,0.6237334970832054,0.5476852411458963
2012-06-13,2,2012,6,0,3,1,1,0.64,0.6212,0.3881,0.52,1173,6248,7421,0.3422522787415466,0.8928461774639238,0.8437084491720053
2012-06-14,2,2012,6,0,4,1,1,0.64,0.6212,0.2537,0.565,1180,6183,7363,0.34431049691267274,0.8828676696346331,0.8366976912849027
2012-06-15,2,2012,6,0,5,1,1,0.64,0.6212,0.1642,0.53,1563,6102,7665,0.45692443399000293,0.8704329137242861,0.8732019823522301
2012-06-16,2,2012,6,0,6,0,1,0.63,0.6212,0.17909999999999998,0.515,2963,4739,7702,0.8685680682152308,0.6611912803193123,0.8776743623836577
2012-06-17,2,2012,6,0,0,0,1,0.59,0.5758,0.1642,0.57,2634,4344,6978,0.7718318141723023,0.6005526558182377,0.7901607639308594
2012-06-18,2,2012,6,0,1,1,2,0.56,0.5303,0.19399999999999998,0.77,653,4446,5099,0.18935607174360483,0.6162112373349709,0.5630363834159313
2012-06-19,2,2012,6,0,2,1,1,0.6799999999999999,0.63635,0.1343,0.73,968,5857,6825,0.2819758894442811,0.8328216149831132,0.7716668681252267
2012-06-20,2,2012,6,0,3,1,1,0.82,0.7576,0.1045,0.505,872,5339,6211,0.2537488973831226,0.7533005833589193,0.6974495346307265
2012-06-21,3,2012,6,0,4,1,1,0.81,0.7803,0.1194,0.535,778,5127,5905,0.2261099676565716,0.7207552962849247,0.6604617430194609
2012-06-22,3,2012,6,0,5,1,1,0.76,0.7197,0.1642,0.565,964,4859,5823,0.28079976477506613,0.6796131409272337,0.6505499818687296
2012-06-23,3,2012,6,0,6,0,1,0.74,0.67425,0.19399999999999998,0.45999999999999996,2657,4801,7458,0.7785945310202882,0.670709241633405,0.8481808292034329
2012-06-24,3,2012,6,0,0,0,1,0.75,0.6818,0.1343,0.51,2551,4340,6891,0.7474272272860923,0.5999385937979735,0.7796446271002054
2012-06-25,3,2012,6,0,1,1,1,0.71,0.6515,0.2761,0.48,1139,5640,6779,0.33225521905321964,0.7995087503837888,0.7661066118699383
2012-06-26,3,2012,6,0,2,1,1,0.63,0.6212,0.3582,0.345,1077,6365,7442,0.3140252866803881,0.9108074915566472,0.8462468270276804
2012-06-27,3,2012,6,0,3,1,1,0.71,0.64395,0.29105000000000003,0.38,1077,6258,7335,0.3140252866803881,0.894381332514584,0.833313187477336
2012-06-28,3,2012,6,0,4,1,1,0.75,0.6818500000000001,0.17909999999999998,0.49,921,5958,6879,0.2681564245810056,0.8483266809947805,0.7781941254683912
2012-06-29,3,2012,6,0,5,1,1,0.84,0.8333,0.19399999999999998,0.495,829,4634,5463,0.24110555718906204,0.645072152287381,0.6070349329142996
2012-06-30,3,2012,6,0,6,0,1,0.8,0.75,0.1642,0.5700000000000001,1455,4232,5687,0.42516906792119963,0.5833589192508444,0.6341109633748337
2012-07-01,3,2012,7,0,0,0,1,0.83,0.7424,0.1343,0.435,1421,4110,5531,0.4151720082328727,0.5646300276327909,0.6152544421612475
2012-07-02,3,2012,7,0,1,1,1,0.77,0.6970000000000001,0.19399999999999998,0.455,904,5323,6227,0.2631578947368421,0.7508443352778631,0.6993835368064789
2012-07-03,3,2012,7,0,2,1,1,0.75,0.6894,0.1343,0.545,1052,5608,6660,0.3066745074977948,0.7945962542216763,0.7517224706877795
2012-07-04,3,2012,7,1,3,0,1,0.81,0.74245,0.1343,0.495,2562,4841,7403,0.7506615701264334,0.6768498618360455,0.8415326967242838
2012-07-05,3,2012,7,0,4,1,1,0.84,0.7879,0.20894999999999997,0.48,1405,4836,6241,0.4104675095560129,0.6760822843107154,0.7010757887102623
2012-07-06,3,2012,7,0,5,1,1,0.82,0.75,0.1343,0.4,1366,4841,6207,0.3990002940311673,0.6768498618360455,0.6969660340867884
2012-07-07,3,2012,7,0,6,0,1,0.86,0.8333,0.1642,0.47000000000000003,1448,3392,4840,0.4231108497500735,0.4544058949953945,0.5317297231959386
2012-07-08,3,2012,7,0,0,0,1,0.8,0.7803,0.1045,0.59,1203,3469,4672,0.35107321376065864,0.4662265888854774,0.5114227003505379
2012-07-09,3,2012,7,0,1,1,2,0.71,0.6667,0.1642,0.635,998,5571,6569,0.2907968244633931,0.788916180534234,0.7407228333131874
2012-07-10,3,2012,7,0,2,1,1,0.7,0.6667,0.1343,0.74,954,5336,6290,0.2778594531020288,0.7528400368437212,0.7069986703735042
2012-07-11,3,2012,7,0,3,1,1,0.72,0.6667,0.14925,0.58,975,6289,7264,0.28403410761540726,0.8991403131716303,0.8247310528224344
2012-07-12,3,2012,7,0,4,1,1,0.72,0.6667,0.1343,0.495,1032,6414,7446,0.3007938841517201,0.9183297513048818,0.8467303275716185
2012-07-13,3,2012,7,0,5,1,2,0.73,0.6667,0.09705,0.495,1511,5988,7499,0.44163481329020876,0.8529321461467608,0.8531367097787985
2012-07-14,3,2012,7,0,6,0,2,0.7,0.6667,0.1045,0.735,2355,4614,6969,0.6897971184945604,0.6420018421860608,0.7890728877069987
2012-07-15,3,2012,7,0,0,0,1,0.72,0.6970000000000001,0.1343,0.79,1920,4111,6031,0.561893560717436,0.564783543137857,0.6756920101535114
2012-07-16,3,2012,7,0,1,1,1,0.76,0.7197,0.1194,0.66,1088,5742,6830,0.3172596295207292,0.8151673319005219,0.7722712438051493
2012-07-17,3,2012,7,0,2,1,1,0.82,0.76515,0.1194,0.505,921,5865,6786,0.2681564245810056,0.8340497390236414,0.76695273782183
2012-07-18,3,2012,7,0,3,1,1,0.76,0.7121,0.1343,0.62,799,4914,5713,0.23228462216995002,0.6880564937058643,0.6372537169104315
2012-07-19,3,2012,7,0,4,1,1,0.76,0.7121,0.14925,0.58,888,5703,6591,0.25845339605998235,0.8091802272029475,0.7433820863048471
2012-07-20,3,2012,7,0,5,1,2,0.66,0.5909,0.1642,0.83,747,5123,5870,0.21699500147015582,0.7201412342646607,0.6562311132600024
2012-07-21,3,2012,7,0,6,0,3,0.6,0.5455,0.2537,0.88,1264,3195,4459,0.36900911496618644,0.42416334049739024,0.48567629638583343
2012-07-22,3,2012,7,0,0,0,1,0.67,0.6288,0.1045,0.74,2544,4866,7410,0.7453690091149662,0.6806877494626957,0.8423788226761755
2012-07-23,3,2012,7,0,1,1,1,0.75,0.7121,0.1343,0.62,1135,5831,6966,0.3310790943840047,0.8288302118513969,0.7887102622990451
2012-07-24,3,2012,7,0,2,1,1,0.74,0.6970000000000001,0.20894999999999997,0.64,1140,6452,7592,0.3325492502205234,0.9241633404973902,0.8643780974253596
2012-07-25,3,2012,7,0,3,1,1,0.72,0.6515,0.1642,0.41000000000000003,1383,6790,8173,0.40399882387533076,0.9760515812097021,0.9346065514323704
2012-07-26,3,2012,7,0,4,1,1,0.77,0.7197,0.2537,0.65,1036,5825,6861,0.301970008820935,0.8279091188210009,0.7760183730206697
2012-07-27,3,2012,7,0,5,1,1,0.78,0.7424,0.14925,0.59,1259,5645,6904,0.3675389591296677,0.8002763279091188,0.7812160038680044
2012-07-28,3,2012,7,0,6,0,1,0.73,0.6818,0.1642,0.6799999999999999,2234,4451,6685,0.6542193472508085,0.6169788148603009,0.7547443490873927
2012-07-29,3,2012,7,0,0,0,1,0.72,0.6818,0.1642,0.655,2153,4444,6597,0.6304028226992061,0.6159042063248388,0.7441073371207543
2012-07-30,3,2012,7,0,1,1,1,0.72,0.6894,0.1642,0.7,1040,6065,7105,0.30314613349014996,0.8647528400368437,0.8055119062008945
2012-07-31,3,2012,7,0,2,1,1,0.7,0.6591,0.1642,0.72,968,6248,7216,0.2819758894442811,0.8928461774639238,0.818929046295177
2012-08-01,3,2012,8,0,3,1,1,0.72,0.6818,0.1343,0.7,1074,6506,7580,0.31314319317847694,0.9324531777709548,0.8629275957935453
2012-08-02,3,2012,8,0,4,1,1,0.76,0.7273,0.1194,0.66,983,6278,7261,0.28638635695383713,0.8974516426159042,0.8243684274144808
2012-08-03,3,2012,8,0,5,1,1,0.76,0.7273,0.2239,0.66,1328,5847,7175,0.3878271096736254,0.8312864599324532,0.8139731657198115
2012-08-04,3,2012,8,0,6,0,1,0.79,0.76515,0.2537,0.62,2345,4479,6824,0.6868568068215231,0.6212772490021492,0.7715459929892421
2012-08-05,3,2012,8,0,0,0,1,0.74,0.6970000000000001,0.2537,0.7,1707,3757,5464,0.49926492208174067,0.5104390543444888,0.607155808050284
2012-08-06,3,2012,8,0,1,1,1,0.74,0.6970000000000001,0.1343,0.7,1233,5780,7013,0.35989414877977066,0.8210009210930304,0.7943913936903179
2012-08-07,3,2012,8,0,2,1,2,0.72,0.6970000000000001,0.1343,0.72,1278,5995,7273,0.3731255513084387,0.8540067546822229,0.8258189290462952
2012-08-08,3,2012,8,0,3,1,2,0.74,0.7121500000000001,0.1194,0.66,1263,6271,7534,0.3687150837988827,0.8963770340804421,0.857367339538257
2012-08-09,3,2012,8,0,4,1,1,0.72,0.6970000000000001,0.1642,0.62,1196,6090,7286,0.3490149955895325,0.868590727663494,0.827390305814094
2012-08-10,3,2012,8,0,5,1,1,0.72,0.6894,0.2836,0.6799999999999999,1065,4721,5786,0.3104969126727433,0.6584280012281241,0.6460776018373021
2012-08-11,3,2012,8,0,6,0,1,0.66,0.61365,0.17909999999999998,0.78,2247,4052,6299,0.6580417524257571,0.5557261283389623,0.7080865465973649
2012-08-12,3,2012,8,0,0,0,1,0.7,0.6515,0.1343,0.51,2182,4362,6544,0.6389297265510144,0.6033159349094258,0.7377009549135742
2012-08-13,3,2012,8,0,1,1,1,0.73,0.6818,0.1045,0.6,1207,5676,6883,0.35224933842987355,0.8050353085661652,0.7786776260123293
2012-08-14,3,2012,8,0,2,1,1,0.72,0.6818,0.19399999999999998,0.7,1128,5656,6784,0.32902087621287857,0.8019649984648449,0.766710987549861
2012-08-15,3,2012,8,0,3,1,1,0.7,0.6515,0.19399999999999998,0.61,1198,6149,7347,0.34960305792414,0.8776481424623886,0.8347636891091502
2012-08-16,3,2012,8,0,4,1,1,0.73,0.6667,0.1642,0.495,1338,6267,7605,0.39076742134666276,0.8957629720601781,0.8659494741931585
2012-08-17,3,2012,8,0,5,1,1,0.69,0.2424,0.20894999999999997,0.58,1483,5665,7148,0.4334019406057042,0.803346638010439,0.8107095370482292
2012-08-18,3,2012,8,0,6,0,1,0.66,0.6212,0.19399999999999998,0.61,2827,5038,7865,0.828579829461923,0.7070924163340497,0.8973770095491358
2012-08-19,3,2012,8,0,0,0,2,0.64,0.6061,0.1045,0.73,1208,3341,4549,0.3525433695971773,0.44657660423702794,0.49655505862444094
2012-08-20,3,2012,8,0,1,1,2,0.62,0.5909,0.1194,0.78,1026,5504,6530,0.2990296971478977,0.7786306416948112,0.7360087030097909
2012-08-21,3,2012,8,0,2,1,1,0.64,0.5985,0.0448,0.73,1081,5925,7006,0.31520141134960306,0.8432606693276021,0.7935452677384262
2012-08-22,3,2012,8,0,3,1,1,0.64,0.6061,0.0448,0.73,1094,6281,7375,0.3190238165245516,0.8979121891311023,0.838148192916717
2012-08-23,3,2012,8,0,4,1,1,0.7,0.6515,0.0896,0.61,1363,6402,7765,0.3981182005292561,0.9164875652440897,0.885289495950683
2012-08-24,3,2012,8,0,5,1,2,0.7,0.6515,0.0448,0.615,1325,6257,7582,0.38694501617171423,0.8942278170095179,0.8631693460655143
2012-08-25,3,2012,8,0,6,0,2,0.66,0.6212,0.26865,0.73,1829,4224,6053,0.5351367244927963,0.5821307952103162,0.678351263145171
2012-08-26,3,2012,8,0,0,0,1,0.64,0.5758,0.2239,0.89,1483,3772,5255,0.4334019406057042,0.512741786920479,0.5818929046295177
2012-08-27,3,2012,8,0,1,1,1,0.71,0.6818500000000001,0.1343,0.7849999999999999,989,5928,6917,0.2881505439576595,0.8437212158428001,0.7827873806358032
2012-08-28,3,2012,8,0,2,1,1,0.71,0.6667,0.17909999999999998,0.56,935,6105,7040,0.27227286092325786,0.8708934602394842,0.7976550223619001
2012-08-29,3,2012,8,0,3,1,1,0.67,0.6288,0.1343,0.54,1177,6520,7697,0.34342840341076153,0.934602394841879,0.877069986703735
2012-08-30,3,2012,8,0,4,1,1,0.71,0.6667,0.09705,0.615,1172,6541,7713,0.34195824757424287,0.9378262204482652,0.8790039888794875
2012-08-31,3,2012,8,0,5,1,1,0.76,0.7121,0.1642,0.6,1433,5917,7350,0.4187003822405175,0.8420325452870739,0.8351263145171038
2012-09-01,3,2012,9,0,6,0,2,0.76,0.7121,0.1194,0.6,2352,3788,6140,0.6889150249926492,0.5151980350015352,0.688867399975825
2012-09-02,3,2012,9,0,0,0,2,0.7,0.6591,0.0896,0.84,2613,3197,5810,0.7656571596589239,0.42447037150752226,0.6489786051009307
2012-09-03,3,2012,9,1,1,0,1,0.71,0.67425,0.1343,0.8,1965,4069,6034,0.5751249632461041,0.5583358919250845,0.6760546355614651
2012-09-04,3,2012,9,0,2,1,1,0.73,0.6970000000000001,0.2537,0.74,867,5997,6864,0.25227874154660396,0.8543137856923549,0.7763809984286232
2012-09-05,3,2012,9,0,3,1,1,0.72,0.6970000000000001,0.19399999999999998,0.745,832,6280,7112,0.24198765069097325,0.8977586736260362,0.8063580321527861
2012-09-06,3,2012,9,0,4,1,1,0.7,0.6667,0.14925,0.84,611,5592,6203,0.17700676271684798,0.7921400061406202,0.6964825335428503
2012-09-07,3,2012,9,0,5,1,1,0.7,0.6667,0.14925,0.74,1045,6459,7504,0.3046162893266686,0.9252379490328523,0.8537410854587212
2012-09-08,3,2012,9,0,6,0,2,0.66,0.5909,0.26865,0.855,1557,4419,5976,0.4551602469861805,0.6120663186981885,0.6690438776743624
2012-09-09,3,2012,9,0,0,0,1,0.61,0.61365,0.2537,0.505,2570,5657,8227,0.7530138194648632,0.802118513969911,0.9411338087755349
2012-09-10,3,2012,9,0,1,1,1,0.5800000000000001,0.57575,0.2836,0.51,1118,6407,7525,0.32608056453984124,0.9172551427694197,0.8562794633143962
2012-09-11,3,2012,9,0,2,1,1,0.5700000000000001,0.5379,0.1045,0.575,1070,6697,7767,0.311967068509262,0.9617746392385631,0.885531246222652
2012-09-12,3,2012,9,0,3,1,1,0.6,0.6061,0.1343,0.625,1050,6820,7870,0.3060864451631873,0.9806570463616825,0.8979813852290583
2012-09-13,3,2012,9,0,4,1,1,0.61,0.6061,0.0896,0.6699999999999999,1054,6750,7804,0.30726256983240224,0.9699109610070618,0.8900036262540796
2012-09-14,3,2012,9,0,5,1,1,0.63,0.5985,0.1045,0.73,1379,6630,8009,0.40282269920611585,0.9514891003991404,0.9147830291309078
2012-09-15,3,2012,9,0,6,0,1,0.6,0.60605,0.26865,0.45999999999999996,3160,5554,8714,0.9264922081740664,0.7863064169481118,1.0
2012-09-16,3,2012,9,0,0,0,1,0.59,0.58335,0.1045,0.5800000000000001,2166,5167,7333,0.6342252278741547,0.7268959164875652,0.8330714372053668
2012-09-17,3,2012,9,0,1,1,2,0.62,0.5758,0.1642,0.725,1022,5847,6869,0.2978535724786827,0.8312864599324532,0.7769853741085458
2012-09-18,3,2012,9,0,2,1,2,0.6,0.5455,0.31345,0.88,371,3702,4073,0.10643928256395178,0.5019957015658582,0.4390184938958056
2012-09-19,3,2012,9,0,3,1,1,0.54,0.5152,0.2537,0.59,788,6803,7591,0.22905027932960895,0.9780472827755603,0.8642572222893751
2012-09-20,3,2012,9,0,4,1,1,0.56,0.5303,0.1045,0.635,939,6781,7720,0.2734489855924728,0.974669941664108,0.8798501148313792
2012-09-21,3,2012,9,0,5,1,1,0.6,0.5909,0.17909999999999998,0.685,1250,6917,8167,0.36489267862393415,0.9955480503530857,0.9338813006164632
2012-09-22,3,2012,9,0,6,0,1,0.64,0.6212,0.2836,0.58,2512,5883,8395,0.7359600117612467,0.8368130181148296,0.9614408316209355
2012-09-23,4,2012,9,0,0,0,1,0.52,0.5,0.23879999999999998,0.47,2454,5453,7907,0.7189062040576301,0.7708013509364445,0.9024537652604859
2012-09-24,4,2012,9,0,1,1,1,0.51,0.4924,0.1343,0.515,1001,6435,7436,0.2916789179653043,0.921553576911268,0.8455215762117733
2012-09-25,4,2012,9,0,2,1,1,0.6,0.6212,0.2537,0.56,845,6693,7538,0.24581005586592178,0.9611605772182991,0.8578508400821951
2012-09-26,4,2012,9,0,3,1,1,0.61,0.6061,0.2537,0.64,787,6946,7733,0.2287562481623052,1.0,0.881421491599178
2012-09-27,4,2012,9,0,4,1,2,0.63,0.6061,0.11195,0.7,751,6642,7393,0.21817112613937079,0.9533312864599325,0.8403239453644386
2012-09-28,4,2012,9,0,5,1,2,0.6,0.58335,0.17909999999999998,0.625,1045,6370,7415,0.3046162893266686,0.9115750690819773,0.8429831983560981
2012-09-29,4,2012,9,0,6,0,1,0.53,0.5076,0.23879999999999998,0.56,2589,5966,8555,0.7586004116436342,0.8495548050353086,0.9807808533784601
2012-09-30,4,2012,9,0,0,0,1,0.5,0.4848,0.1045,0.63,2015,4874,6889,0.5898265216112908,0.6819158735032238,0.7794028768282364
2012-10-01,4,2012,10,0,1,1,2,0.54,0.5152,0.1045,0.7,763,6015,6778,0.2216995001470156,0.8570770647835432,0.7659857367339539
2012-10-02,4,2012,10,0,2,1,3,0.6,0.5455,0.1045,0.88,315,4324,4639,0.08997353719494267,0.5974823457169174,0.5074338208630484
2012-10-03,4,2012,10,0,3,1,2,0.66,0.6061,0.0,0.78,728,6844,7572,0.21140840929138488,0.9843414184832668,0.861960594705669
2012-10-04,4,2012,10,0,4,1,1,0.64,0.6061,0.1045,0.695,891,6437,7328,0.25933548956189356,0.9218606079214,0.8324670615254443
2012-10-05,4,2012,10,0,5,1,1,0.6,0.5909,0.1045,0.685,1516,6640,8156,0.4431049691267274,0.9530242554498004,0.9325516741206333
2012-10-06,4,2012,10,0,6,0,1,0.55,0.52275,0.2537,0.635,3031,4934,7965,0.8885621875918848,0.6911268038071845,0.9094645231475885
2012-10-07,4,2012,10,0,0,0,2,0.42,0.4242,0.1343,0.71,781,2729,3510,0.2269920611584828,0.3526251151366288,0.3709657923365164
2012-10-08,4,2012,10,1,1,0,2,0.4,0.4091,0.19399999999999998,0.71,874,4604,5478,0.25433695971773007,0.6404666871354007,0.6088480599540674
2012-10-09,4,2012,10,0,2,1,2,0.48,0.4697,0.19399999999999998,0.77,601,5791,6392,0.17406645104381063,0.8226895916487565,0.719327934243926
2012-10-10,4,2012,10,0,3,1,1,0.51,0.4924,0.1642,0.555,780,6911,7691,0.22669802999117908,0.9946269573226896,0.8763447358878279
2012-10-11,4,2012,10,0,4,1,1,0.43,0.4318,0.1642,0.47,834,6736,7570,0.2425757130255807,0.9677617439361376,0.8617188444337
2012-10-12,4,2012,10,0,5,1,1,0.42,0.4242,0.20894999999999997,0.47,1060,6222,7282,0.30902675683622466,0.8888547743322075,0.8269068052701559
2012-10-13,4,2012,10,0,6,0,1,0.4,0.4091,0.1642,0.53,2252,4857,7109,0.6595119082622758,0.6793061099171016,0.8059954067448326
2012-10-14,4,2012,10,0,0,0,1,0.55,0.52275,0.2836,0.6950000000000001,2080,4559,6639,0.6089385474860335,0.6335584894074302,0.7491840928321044
2012-10-15,4,2012,10,0,1,1,2,0.56,0.5303,0.2985,0.725,760,5115,5875,0.22081740664510438,0.7189131102241326,0.656835488939925
2012-10-16,4,2012,10,0,2,1,1,0.46,0.4545,0.17909999999999998,0.585,922,6612,7534,0.26845045574830934,0.9487258213079521,0.857367339538257
2012-10-17,4,2012,10,0,3,1,1,0.46,0.4545,0.1045,0.76,979,6482,7461,0.28521023228462217,0.9287688056493706,0.8485434546113865
2012-10-18,4,2012,10,0,4,1,2,0.54,0.5152,0.2239,0.77,1008,6501,7509,0.2937371361364305,0.9316856002456249,0.8543454611386437
2012-10-19,4,2012,10,0,5,1,2,0.55,0.52275,0.1045,0.83,753,4671,5424,0.21875918847397824,0.6507522259748234,0.6023208026109029
2012-10-20,4,2012,10,0,6,0,1,0.48,0.46965,0.1343,0.52,2806,5284,8090,0.8224051749485446,0.7448572305802886,0.9245739151456546
2012-10-21,4,2012,10,0,0,0,1,0.45,0.44695,0.1642,0.54,2132,4692,6824,0.6242281681858277,0.6539760515812097,0.7715459929892421
2012-10-22,4,2012,10,0,1,1,1,0.47,0.4621,0.0896,0.625,830,6228,7058,0.24139958835636577,0.8897758673626036,0.7998307748096216
2012-10-23,4,2012,10,0,2,1,1,0.55,0.52275,0.09705,0.68,841,6625,7466,0.24463393119670684,0.9507215228738103,0.849147830291309
2012-10-24,4,2012,10,0,3,1,1,0.58,0.5455,0.0896,0.66,795,6898,7693,0.2311084975007351,0.9926312557568314,0.876586486159797
2012-10-25,4,2012,10,0,4,1,2,0.54,0.5152,0.1343,0.83,875,6484,7359,0.2546309908850338,0.9290758366595027,0.8362141907409646
2012-10-26,4,2012,10,0,5,1,2,0.54,0.5152,0.1343,0.83,1182,6262,7444,0.3448985592472802,0.894995394534848,0.8464885772996494
2012-10-27,4,2012,10,0,6,0,2,0.52,0.5,0.2537,0.72,2643,5209,7852,0.7744780946780359,0.7333435677003377,0.8958056327813368
2012-10-28,4,2012,10,0,0,0,2,0.5,0.4848,0.403,0.63,998,3461,4459,0.2907968244633931,0.46499846484494933,0.48567629638583343
2012-10-29,966,1052,5,0,1,1,2,0.4397125,0.6505208333333333,0.3582,0.6299708333333334,246,492,528,0.069685386650985,0.0092109303039607,0.010516136830653935
2012-10-30,4,1796,224,0,1,1,2,0.3,0.2879,0.40660714285714283,0.7194642857142857,159,1705,2078,0.04410467509556013,0.19542523794903285,0.1978725976066723
2012-10-31,4,2012,10,0,3,1,2,0.36,0.3485,0.1642,0.62,419,5147,5566,0.12055277859453102,0.723825606386245,0.6194850719207059
2012-11-01,4,2012,11,0,4,1,2,0.36,0.3636,0.1642,0.57,466,5520,5986,0.13437224345780652,0.7810868897758674,0.6702526290342077
2012-11-02,4,2012,11,0,5,1,1,0.36,0.3333,0.2985,0.46,618,5229,5847,0.17906498088797412,0.736413877801658,0.6534509851323582
2012-11-03,4,2012,11,0,6,0,2,0.34,0.3333,0.29105000000000003,0.49,1029,4109,5138,0.2999117906498089,0.5644765121277249,0.5677505137193279
2012-11-04,4,2012,11,0,0,0,1,0.31,0.32575,0.19399999999999998,0.525,1201,3906,5107,0.3504851514260512,0.5333128645993245,0.5640033845038076
2012-11-05,4,2012,11,0,1,1,1,0.3,0.303,0.23879999999999998,0.49,378,4881,5259,0.10849750073507791,0.682990482038686,0.5823764051734558
2012-11-06,4,2012,11,0,2,1,1,0.3,0.2879,0.1642,0.565,466,5220,5686,0.13437224345780652,0.7350322382560639,0.6339900882388493
2012-11-07,4,2012,11,0,3,1,2,0.3,0.2803,0.2985,0.53,326,4709,5035,0.09320788003528374,0.6565858151673319,0.5553003747129216
2012-11-08,4,2012,11,0,4,1,1,0.34,0.303,0.3582,0.32,341,4982,5323,0.09761834754483975,0.6984955480503531,0.5901124138764656
2012-11-09,4,2012,11,0,5,1,1,0.34,0.3409,0.19399999999999998,0.53,709,5283,5992,0.20582181711261394,0.7447037150752226,0.6709778798501148
2012-11-10,4,2012,11,0,6,0,1,0.39,0.40149999999999997,0.0448,0.66,2090,4446,6536,0.6118788591590708,0.6162112373349709,0.7367339538256981
2012-11-11,4,2012,11,0,0,0,1,0.42,0.4242,0.1194,0.7,2290,4562,6852,0.6706850926198177,0.6340190359226282,0.7749304967968089
2012-11-12,4,2012,11,1,1,0,1,0.52,0.5,0.1642,0.76,1097,5172,6269,0.3199059100264628,0.7276634940128953,0.704460292517829
2012-11-13,4,2012,11,0,2,1,1,0.34,0.3106,0.3284,0.655,327,3767,4094,0.09350191120258747,0.5119742093951489,0.44155687175148073
2012-11-14,4,2012,11,0,3,1,1,0.3,0.29545,0.19399999999999998,0.545,373,5122,5495,0.10702734489855925,0.7199877187595947,0.6109029372658045
2012-11-15,4,2012,11,0,4,1,2,0.32,0.32575,0.1642,0.61,320,5125,5445,0.09144369303146134,0.7204482652747928,0.604859180466578
2012-11-16,4,2012,11,0,5,1,1,0.34,0.3333,0.1642,0.53,484,5214,5698,0.13966480446927373,0.7341111452256678,0.6354405898706637
2012-11-17,4,2012,11,0,6,0,1,0.33,0.3333,0.19399999999999998,0.55,1313,4316,5629,0.3834166421640694,0.5962542216763893,0.6271002054877312
2012-11-18,4,2012,11,0,0,0,1,0.36,0.3333,0.23879999999999998,0.66,922,3747,4669,0.26845045574830934,0.5089038992938287,0.5110600749425843
2012-11-19,4,2012,11,0,1,1,2,0.36,0.3485,0.2537,0.66,449,5050,5499,0.12937371361364305,0.7089346023948419,0.6113864378097426
2012-11-20,4,2012,11,0,2,1,2,0.36,0.3788,0.0896,0.705,534,5100,5634,0.15436636283446045,0.7166103776481425,0.6277045811676538
2012-11-21,4,2012,11,0,3,1,1,0.34,0.3636,0.1045,0.61,615,4531,5146,0.17818288738606292,0.6292600552655818,0.5687175148072041
2012-11-22,4,2012,11,1,4,0,1,0.33,0.3485,0.0448,0.65,955,1470,2425,0.27815348426933256,0.15934909425852012,0.2398162697933035
2012-11-23,4,2012,11,0,5,1,1,0.41000000000000003,0.41665,0.1045,0.485,1603,2307,3910,0.46868568068215233,0.28784157199877186,0.41931584673032757
2012-11-24,4,2012,11,0,6,0,1,0.26,0.2273,0.37315,0.41,532,1745,2277,0.15377830049985297,0.20156585815167333,0.22192674966759338
2012-11-25,4,2012,11,0,0,0,1,0.24,0.2576,0.1642,0.44,309,2115,2424,0.08820935019112026,0.25836659502609766,0.23969539465731898
2012-11-26,4,2012,11,0,1,1,1,0.32,0.3485,0.0,0.545,337,4750,5087,0.09644222287562482,0.6628799508750384,0.5615858817841171
2012-11-27,4,2012,11,0,2,1,2,0.3,0.2727,0.23879999999999998,0.81,123,3836,3959,0.0335195530726257,0.5225667792447037,0.42523872839356947
2012-11-28,4,2012,11,0,3,1,1,0.29000000000000004,0.28785,0.19399999999999998,0.46499999999999997,198,5062,5260,0.05557189062040576,0.710776788455634,0.5824972803094404
2012-11-29,4,2012,11,0,4,1,1,0.27,0.2879,0.09705,0.605,243,5086,5330,0.0688032931490738,0.7144611605772183,0.5909585398283573
2012-11-30,4,2012,11,0,5,1,1,0.3,0.32575,0.0448,0.7,362,5306,5668,0.10379300205821818,0.7482345716917409,0.6318143357911278
2012-12-01,4,2012,12,0,6,0,2,0.3,0.3333,0.0,0.81,951,4240,5191,0.2769773596001176,0.5845870432913725,0.5741568959265079
2012-12-02,4,2012,12,0,0,0,2,0.33,0.3333,0.1343,0.82,892,3757,4649,0.2596295207291973,0.5104390543444888,0.5086425722228938
2012-12-03,4,2012,12,0,1,1,1,0.43,0.4318,0.0896,0.7949999999999999,555,5679,6234,0.16054101734783888,0.8054958550813632,0.7002296627583706
2012-12-04,4,2012,12,0,2,1,1,0.48,0.4697,0.19399999999999998,0.7250000000000001,551,6055,6606,0.15936489267862394,0.8632176849861836,0.745195213344615
2012-12-05,4,2012,12,0,3,1,1,0.45,0.44695,0.29105000000000003,0.46499999999999997,331,5398,5729,0.09467803587180242,0.7623579981578139,0.639187719086184
2012-12-06,4,2012,12,0,4,1,1,0.24,0.2424,0.17909999999999998,0.51,340,5035,5375,0.09732431637753602,0.7066318698188517,0.5963979209476611
2012-12-07,4,2012,12,0,5,1,2,0.33,0.32575,0.1343,0.755,349,4659,5008,0.09997059688326963,0.6489100399140313,0.5520367460413393
2012-12-08,4,2012,12,0,6,0,2,0.38,0.3939,0.1045,0.93,1153,4429,5582,0.3363716553954719,0.6136014737488487,0.6214190740964584
2012-12-09,4,2012,12,0,0,0,2,0.4,0.4091,0.1194,0.87,441,2787,3228,0.1270214642752132,0.3615290144304575,0.3368790039888795
2012-12-10,4,2012,12,0,1,1,2,0.44,0.4394,0.2239,0.94,329,4841,5170,0.09408997353719495,0.6768498618360455,0.5716185180708329
2012-12-11,4,2012,12,0,2,1,2,0.34,0.3182,0.2836,0.545,282,5219,5501,0.08027050867391944,0.7348787227509979,0.6116281880817116
2012-12-12,4,2012,12,0,3,1,2,0.3,0.2879,0.17909999999999998,0.545,310,5009,5319,0.08850338135842399,0.7026404666871354,0.5896289133325275
2012-12-13,4,2012,12,0,4,1,1,0.28,0.303,0.19399999999999998,0.5,425,5107,5532,0.12231696559835342,0.7176849861836045,0.6153753172972319
2012-12-14,4,2012,12,0,5,1,1,0.28,0.29545,0.1194,0.69,429,5182,5611,0.12349309026756836,0.7291986490635555,0.6249244530400097
2012-12-15,4,2012,12,0,6,0,1,0.35,0.3485,0.1045,0.62,767,4280,5047,0.22287562481623052,0.5907276634940128,0.5567508763447359
2012-12-16,4,2012,12,0,0,0,2,0.36,0.3636,0.1045,0.87,538,3248,3786,0.1555424875036754,0.43229966226588884,0.4043273298682461
2012-12-17,4,2012,12,0,1,1,2,0.4,0.4091,0.09705,0.905,212,4373,4585,0.05968832696265804,0.605004605465152,0.5009065635198839
2012-12-18,4,2012,12,0,2,1,1,0.41000000000000003,0.41665,0.20894999999999997,0.565,433,5124,5557,0.1246692149367833,0.7202947497697267,0.6183971956968451
2012-12-19,4,2012,12,0,3,1,1,0.33,0.3333,0.1343,0.61,333,4934,5267,0.09526609820640988,0.6911268038071845,0.5833434062613321
2012-12-20,4,2012,12,0,4,1,2,0.34,0.3333,0.1642,0.6799999999999999,314,3814,4128,0.08967950602763892,0.5191894381332515,0.4456666263749547
2012-12-21,1,2012,12,0,5,1,2,0.32,0.2879,0.3881,0.45,221,3402,3623,0.06233460746839165,0.4559410500460547,0.38462468270276806
2012-12-22,1,2012,12,0,6,0,1,0.26,0.2273,0.4179,0.44,205,1544,1749,0.0576301087915319,0.17070924163340498,0.1581046778677626
2012-12-23,1,2012,12,0,0,0,1,0.24,0.2576,0.1343,0.51,408,1379,1787,0.11731843575418995,0.14537918329751304,0.16269793303517466
2012-12-24,1,2012,12,0,1,1,2,0.24,0.2576,0.0896,0.7875000000000001,174,751,926,0.04851514260511614,0.04897144611605772,0.058624440952496075
2012-12-25,1,2012,12,1,2,0,2,0.29000000000000004,0.29545,0.1642,0.755,440,577,1017,0.12672743310790943,0.02225974823457169,0.06962407832708811
2012-12-26,1,2012,12,0,3,1,3,0.24,0.2121,0.31345,0.865,9,432,441,0.0,0.0,0.0
2012-12-27,1,2012,12,0,4,1,2,0.24,0.2273,0.31345,0.6,247,1867,2114,0.06997941781828874,0.22029474976972674,0.2022241025021153
2012-12-28,1,2012,12,0,5,1,2,0.24,0.2424,0.1343,0.6,644,2451,3095,0.1867097912378712,0.30994780472827754,0.32080261090293727
2012-12-29,1,2012,12,0,6,0,2,0.26,0.2424,0.0896,0.75,159,1182,1341,0.04410467509556013,0.11513662879950876,0.10878762238607519
2012-12-30,1,2012,12,0,0,0,1,0.26,0.2273,0.34330000000000005,0.51,364,1432,1796,0.10438106439282564,0.15351550506601166,0.1637858092590354
2012-12-31,1,2012,12,0,1,1,1,0.22999999999999998,0.2273,0.1642,0.595,439,2290,2729,0.1264334019406057,0.28523180841264967,0.27656231113260005
